,Ric_adim,tau_ic,exp,sum_phi,delta,Nmax,folder,remarks
0,0.0020417127499217412,0.0007122377721441586,1.0,0.4,9135.2,2000,exp_1.00e+00_coeff_2.87e+00_radius_2.04e-03,
0,26.543148879229552,0.40621438688463324,1.0,0.39936,4023.1,2000,exp_1.00e+00_coeff_6.53e+01_radius_2.65e+01,
0,252.5831348654195,5715.691855726552,1.0,0.013318,0.29117,4995,exp_1.00e+00_coeff_4.42e-02_radius_2.53e+02,
0,14.336850646700665,29.314258964250925,1.0,0.32038,13.525,2001,exp_1.00e+00_coeff_4.89e-01_radius_1.43e+01,
0,0.3017904601907568,7.397833814773512,1.0,0.37143000000000004,0.86711,2001,exp_1.00e+00_coeff_4.08e-02_radius_3.02e-01,
0,0.661817986854079,38.9367535025673,1.0,0.25772,0.1833,2000,exp_1.00e+00_coeff_1.70e-02_radius_6.62e-01,
0,3.138159098210799,193.82745418806155,1.0,0.09094400000000001,0.16195,2000,exp_1.00e+00_coeff_1.62e-02_radius_3.14e+00,
0,0.0022252534656306768,2.089076186632684e-06,1.0,0.4,2888100.0,2001,exp_1.00e+00_coeff_1.07e+03_radius_2.23e-03,
0,0.16695294788837198,4.461167194033936,1.0,0.38918,1.4498,2000,exp_1.00e+00_coeff_3.74e-02_radius_1.67e-01,
0,230.5993790368878,2.765090905584223,1.0,0.39948,44534.0,2001,exp_1.00e+00_coeff_8.34e+01_radius_2.31e+02,
0,104.99922858498948,563154.3197235258,1.0,0.00060032,20.230999999999998,2000,exp_1.00e+00_coeff_1.86e-04_radius_1.05e+02,
0,0.009544003410653151,0.001423829020537993,1.0,0.4,4570.0,2000,exp_1.00e+00_coeff_6.70e+00_radius_9.54e-03,
0,6.2565636887991305,0.07064346384040555,1.0,0.39958,1339.7,2000,exp_1.00e+00_coeff_8.86e+01_radius_6.26e+00,
0,22.68571664635984,4202.1708206011335,1.0,0.008638700000000001,0.085418,2000,exp_1.00e+00_coeff_5.40e-03_radius_2.27e+01,
0,1.5562922143170406,3437.940662723223,1.0,0.032512,0.024671000000000002,2001,exp_1.00e+00_coeff_4.53e-04_radius_1.56e+00,
0,0.009066081208644659,0.0006144002834594787,1.0,0.4,10588.0,2001,exp_1.00e+00_coeff_1.48e+01_radius_9.07e-03,
0,1.3642330476864317,12623.311776116083,1.0,0.018628,0.011970999999999999,1999,exp_1.00e+00_coeff_1.08e-04_radius_1.36e+00,
0,945.5627968549699,876.315319181302,1.0,0.36002,2229.4,2000,exp_1.00e+00_coeff_1.08e+00_radius_9.46e+02,
0,0.15914580922752342,0.01167495520178961,1.0,0.39997,562.62,2001,exp_1.00e+00_coeff_1.36e+01_radius_1.59e-01,
0,1.6032765488813583,3.177482545729754,1.0,0.36682,3.5853,2000,exp_1.00e+00_coeff_5.05e-01_radius_1.60e+00,
0,0.004896069742245516,1.6065163428089249,1.0,0.39988,4.049,2001,exp_1.00e+00_coeff_3.05e-03_radius_4.90e-03,
0,0.7671150672934804,0.0007830638045246658,1.0,0.39999,10122.0,2000,exp_1.00e+00_coeff_9.80e+02_radius_7.67e-01,
0,0.0348731074919022,0.7682353017341148,1.0,0.39958,8.4686,2000,exp_1.00e+00_coeff_4.54e-02_radius_3.49e-02,
0,0.001881270271149786,0.010495250883242038,1.0,0.4,619.95,2000,exp_1.00e+00_coeff_1.79e-01_radius_1.88e-03,
0,0.008393806072430612,17.259062217194646,1.0,0.39776999999999996,0.37569,2001,exp_1.00e+00_coeff_4.86e-04_radius_8.39e-03,
0,0.00806771108864067,4.949823041901476e-05,1.0,0.4,131430.0,2000,exp_1.00e+00_coeff_1.63e+02_radius_8.07e-03,
0,0.07881268872707871,0.4582593798992082,1.0,0.39944,14.22,2001,exp_1.00e+00_coeff_1.72e-01_radius_7.88e-02,
0,0.31677937185634386,264.2972799014754,1.0,0.17964000000000002,0.042625,2000,exp_1.00e+00_coeff_1.20e-03_radius_3.17e-01,
0,3.132686743674438,0.03811630256617218,1.0,0.39964,745.26,2001,exp_1.00e+00_coeff_8.22e+01_radius_3.13e+00,
0,0.0009017970006566859,6.957282003074698e-05,1.0,0.4,92953.0,2000,exp_1.00e+00_coeff_1.30e+01_radius_9.02e-04,
0,1.4194992612152,85.64010807652753,1.0,0.16537000000000002,0.16839,2000,exp_1.00e+00_coeff_1.66e-02_radius_1.42e+00,
0,0.0171663100391303,0.5931377903935879,1.0,0.39984000000000003,10.968,2001,exp_1.00e+00_coeff_2.89e-02_radius_1.72e-02,
0,219.849639330604,80167.39801559114,1.0,0.00077717,0.066424,4999,exp_1.00e+00_coeff_2.74e-03_radius_2.20e+02,
0,10.189110472452137,94538.80842410735,1.0,0.0027093000000000004,0.012171,2000,exp_1.00e+00_coeff_1.08e-04_radius_1.02e+01,
0,0.3682619082802571,0.0019272020468782977,1.0,0.39999,3548.3,2001,exp_1.00e+00_coeff_1.91e+02_radius_3.68e-01,
0,12.033245171714285,0.08154984473108519,1.0,0.39973000000000003,4153.8,2000,exp_1.00e+00_coeff_1.48e+02_radius_1.20e+01,
0,0.009775568634626138,117.03351267812668,1.0,0.38368,0.054233,2000,exp_1.00e+00_coeff_8.35e-05_radius_9.78e-03,
0,4.985682581494464,19.999748028263284,1.0,0.28292,2.2019,2000,exp_1.00e+00_coeff_2.49e-01_radius_4.99e+00,
0,128.37189380454666,260864.24811275644,1.0,0.00061522,1.3247,2000,exp_1.00e+00_coeff_4.92e-04_radius_1.28e+02,
0,2.5436079445669932,66.41461466375176,1.0,0.15905,0.28442,2000,exp_1.00e+00_coeff_3.83e-02_radius_2.54e+00,
0,1.4492724922072073,1.0062317793820432,1.0,0.38869000000000004,10.999,2000,exp_1.00e+00_coeff_1.44e+00_radius_1.45e+00,
0,0.0833210347824955,722.5294157871953,1.0,0.19884000000000002,0.013255000000000001,2000,exp_1.00e+00_coeff_1.15e-04_radius_8.33e-02,
0,21.391625013138878,3.3027637644495123,1.0,0.39361999999999997,318.33,2001,exp_1.00e+00_coeff_6.48e+00_radius_2.14e+01,
0,889.6631124938318,345273.8880929768,1.0,0.00030146,0.43465,5000,exp_1.00e+00_coeff_2.58e-03_radius_8.90e+02,
0,0.17175252710683178,1.835069034942252,1.0,0.39526999999999995,3.5596,2000,exp_1.00e+00_coeff_9.36e-02_radius_1.72e-01,
0,527.3047344115423,2.9719306468507183,1.0,0.39976,216750.0,2000,exp_1.00e+00_coeff_1.77e+02_radius_5.27e+02,
0,256.46875831361353,20051.86812570223,1.0,0.0027328000000000005,0.13537000000000002,4995,exp_1.00e+00_coeff_1.28e-02_radius_2.56e+02,
0,0.6583249849801234,0.23367236009394143,1.0,0.39801,32.224000000000004,2000,exp_1.00e+00_coeff_2.82e+00_radius_6.58e-01,
0,0.04006199241105041,5.31886792660311,1.0,0.39674,1.2181,2001,exp_1.00e+00_coeff_7.53e-03_radius_4.01e-02,
0,46.5837928725908,204.0604422675259,1.0,0.22011999999999998,11.243,2001,exp_1.00e+00_coeff_2.28e-01_radius_4.66e+01,
0,12.404224380424976,19075.799920764683,1.0,0.0052126,0.029233999999999996,1997,exp_1.00e+00_coeff_6.50e-04_radius_1.24e+01,
0,0.04044565077236832,12.667387323766912,1.0,0.39233,0.50822,2000,exp_1.00e+00_coeff_3.19e-03_radius_4.04e-02,
0,2.8731238267831594,904.1003027048514,1.0,0.045939999999999995,0.066621,2001,exp_1.00e+00_coeff_3.18e-03_radius_2.87e+00,
0,0.01726936044553062,6.223780189374974,1.0,0.39834,1.0431,2000,exp_1.00e+00_coeff_2.77e-03_radius_1.73e-02,
0,0.16392977250229301,677.1823664595722,1.0,0.16346,0.018996000000000002,2001,exp_1.00e+00_coeff_2.42e-04_radius_1.64e-01,
0,5.325627911502603,18899.736888993215,1.0,0.0080321,0.019198,2000,exp_1.00e+00_coeff_2.82e-04_radius_5.33e+00,
0,0.004513357243903232,46.02561657940847,1.0,0.39681,0.14071,2001,exp_1.00e+00_coeff_9.81e-05_radius_4.51e-03,
0,487.4152047772217,1.4033105973464972,1.0,0.39988,392300.0,2000,exp_1.00e+00_coeff_3.47e+02_radius_4.87e+02,
0,0.0041387860120262535,0.05964062194423754,1.0,0.4,109.07,2001,exp_1.00e+00_coeff_6.94e-02_radius_4.14e-03,
0,54.65909716340433,679977.0496127215,1.0,0.00060858,0.9013700000000001,2000,exp_1.00e+00_coeff_8.04e-05_radius_5.47e+01,
0,6.2144357229186795,762.9296431444882,1.0,0.036168,0.10824,2001,exp_1.00e+00_coeff_8.15e-03_radius_6.21e+00,
0,28.39021646123428,1878.855364301282,1.0,0.013793000000000001,0.14922,2001,exp_1.00e+00_coeff_1.51e-02_radius_2.84e+01,
0,0.03669122505388321,8.28849514268676e-05,1.0,0.4,78512.0,2001,exp_1.00e+00_coeff_4.43e+02_radius_3.67e-02,
0,0.0021635284269009535,0.023244851413397702,1.0,0.4,279.85,2001,exp_1.00e+00_coeff_9.31e-02_radius_2.16e-03,
0,0.008603730187945908,0.015020516693516683,1.0,0.4,433.05,2001,exp_1.00e+00_coeff_5.73e-01_radius_8.60e-03,
0,0.002259827829648739,0.06165790301547351,1.0,0.4,105.49,2001,exp_1.00e+00_coeff_3.67e-02_radius_2.26e-03,
0,23.955123861410822,37701.10572067872,1.0,0.0030186,0.029550999999999997,2000,exp_1.00e+00_coeff_6.35e-04_radius_2.40e+01,
0,993.1845179528025,23165.327099633952,1.0,0.010993000000000001,0.28374,14995,exp_1.00e+00_coeff_4.29e-02_radius_9.93e+02,
0,3.1289973204906905,5.709980987308678,1.0,0.35089000000000004,4.3272,2000,exp_1.00e+00_coeff_5.48e-01_radius_3.13e+00,
0,0.002227671534489505,0.00040503358090608057,1.0,0.4,16072.0,2001,exp_1.00e+00_coeff_5.50e+00_radius_2.23e-03,
0,218.13488490792804,436.2688406306108,1.0,0.31426,215.94,4995,exp_1.00e+00_coeff_5.00e-01_radius_2.18e+02,
0,85.4085600800595,1.0155248047320307,1.0,0.39949,16637.0,2001,exp_1.00e+00_coeff_8.41e+01_radius_8.54e+01,
0,63.913056350603476,1905.3743431988028,1.0,0.015297999999999999,0.24081999999999998,2001,exp_1.00e+00_coeff_3.35e-02_radius_6.39e+01,
0,11.440751285846103,728.1993552863075,1.0,0.030050999999999998,0.1544,2001,exp_1.00e+00_coeff_1.57e-02_radius_1.14e+01,
0,0.02952481529754681,267.40119764591975,1.0,0.32250999999999996,0.021653,2001,exp_1.00e+00_coeff_1.10e-04_radius_2.95e-02,
0,456.80844513495924,860.6365028724891,1.0,0.31895,487.12,4995,exp_1.00e+00_coeff_5.31e-01_radius_4.57e+02,
0,1132.1735405946708,14.507584645107135,1.0,0.39945,204590.0,2001,exp_1.00e+00_coeff_7.80e+01_radius_1.13e+03,
0,314.29544167876287,9.258969278484866,1.0,0.39873000000000003,24675.0,2000,exp_1.00e+00_coeff_3.39e+01_radius_3.14e+02,
0,5.425527480636004,3963.043978639364,1.0,0.016594,0.042582999999999996,2000,exp_1.00e+00_coeff_1.37e-03_radius_5.43e+00,
0,424.8367494121003,9098.139545060709,1.0,0.013286000000000001,0.30571,4995,exp_1.00e+00_coeff_4.67e-02_radius_4.25e+02,
0,0.008799422308321965,9.188839276003639e-06,1.0,0.4,707410.0,2000,exp_1.00e+00_coeff_9.58e+02_radius_8.80e-03,
0,6.691509453695145,86.43455866273614,1.0,0.13001,0.52293,2000,exp_1.00e+00_coeff_7.74e-02_radius_6.69e+00,
0,0.151760813898823,10.940025003505014,1.0,0.37740999999999997,0.57885,2001,exp_1.00e+00_coeff_1.39e-02_radius_1.52e-01,
0,0.16787430123854716,1728.281601831722,1.0,0.11463,0.011837,2000,exp_1.00e+00_coeff_9.71e-05_radius_1.68e-01,
0,0.00125986589363042,12.321144650604621,1.0,0.39976,0.52782,2001,exp_1.00e+00_coeff_1.02e-04_radius_1.26e-03,
0,24.749939063219212,91896.83415907042,1.0,0.0021271000000000003,0.020265000000000002,2000,exp_1.00e+00_coeff_2.69e-04_radius_2.47e+01,
0,5.814103605344872,0.012199999021301347,1.0,0.39992,6762.8,2000,exp_1.00e+00_coeff_4.77e+02_radius_5.81e+00,
0,12.748141180854002,0.013987300326949602,1.0,0.39996,27163.0,2000,exp_1.00e+00_coeff_9.11e+02_radius_1.27e+01,
0,62.596377789931076,0.12915746981127382,1.0,0.39991,70327.0,2000,exp_1.00e+00_coeff_4.85e+02_radius_6.26e+01,
0,0.7049080576067378,3.6085588018997967,1.0,0.37185999999999997,2.0191,2001,exp_1.00e+00_coeff_1.95e-01_radius_7.05e-01,
0,0.0010153416419468957,0.02469314834427989,1.0,0.4,263.51,2000,exp_1.00e+00_coeff_4.11e-02_radius_1.02e-03,
0,0.0010246979204092876,2.2512584834565175e-06,1.0,0.4,2504700.0,2001,exp_1.00e+00_coeff_4.55e+02_radius_1.02e-03,
0,0.7396842006054728,0.11897913788429106,1.0,0.39891,65.66199999999999,2000,exp_1.00e+00_coeff_6.22e+00_radius_7.40e-01,
0,6.7894796819321535,184.41842917319732,1.0,0.076641,0.26821,2000,exp_1.00e+00_coeff_3.68e-02_radius_6.79e+00,
0,1.4098205227753757,0.009023769585611211,1.0,0.39989,1234.5,2000,exp_1.00e+00_coeff_1.56e+02_radius_1.41e+00,
0,0.746325104821531,0.6726972651558106,1.0,0.39393,11.533,2001,exp_1.00e+00_coeff_1.11e+00_radius_7.46e-01,
0,0.008394980728385784,0.0034484402863688593,1.0,0.4,1886.3,2001,exp_1.00e+00_coeff_2.43e+00_radius_8.39e-03,
0,205.30325895934442,0.202966461692367,1.0,0.39996,481290.0,2001,exp_1.00e+00_coeff_1.01e+03_radius_2.05e+02,
0,105.01732943914867,38.92389806752159,1.0,0.38413,640.62,2000,exp_1.00e+00_coeff_2.70e+00_radius_1.05e+02,
0,0.004962199942740316,0.0006811411549271587,1.0,0.4,9550.8,2000,exp_1.00e+00_coeff_7.29e+00_radius_4.96e-03,
0,0.3382543960875552,21.16333338181585,1.0,0.32919,0.2852,2000,exp_1.00e+00_coeff_1.60e-02_radius_3.38e-01,
0,223.7141915696804,519526.3356420513,1.0,0.00030237,0.090435,5000,exp_1.00e+00_coeff_4.31e-04_radius_2.24e+02,
0,62.09770893498965,47582.63197955955,1.0,0.0020358,0.050767,1999,exp_1.00e+00_coeff_1.31e-03_radius_6.21e+01,
0,0.017584433881934924,0.00047086111503846155,1.0,0.4,13815.0,2001,exp_1.00e+00_coeff_3.73e+01_radius_1.76e-02,
0,28.85929425555999,60.92429320232532,1.0,0.31346999999999997,26.399,2001,exp_1.00e+00_coeff_4.74e-01_radius_2.89e+01,
0,1248.6413254654472,5806.0879883459875,1.0,0.19960999999999998,259.47,14996,exp_1.00e+00_coeff_2.15e-01_radius_1.25e+03,
0,54.93367724511058,0.2982117870851433,1.0,0.39976999999999996,23455.0,2001,exp_1.00e+00_coeff_1.84e+02_radius_5.49e+01,
0,576.1503766864139,0.6322386786638858,1.0,0.39995,1216800.0,2001,exp_1.00e+00_coeff_9.11e+02_radius_5.76e+02,
0,58.60202589302179,51.14437602282712,1.0,0.36305,147.06,2001,exp_1.00e+00_coeff_1.15e+00_radius_5.86e+01,
0,0.009411562537233019,7.761147779746592,1.0,0.39887,0.8370700000000001,2000,exp_1.00e+00_coeff_1.21e-03_radius_9.41e-03,
0,0.004171542474885245,0.00013462814705739946,1.0,0.4,48292.0,2000,exp_1.00e+00_coeff_3.10e+01_radius_4.17e-03,
0,0.798699415843217,300.75623776666134,1.0,0.1243,0.06271499999999999,2000,exp_1.00e+00_coeff_2.66e-03_radius_7.99e-01,
0,0.07681414985204489,132.83121907276433,1.0,0.30885999999999997,0.043397000000000005,2001,exp_1.00e+00_coeff_5.78e-04_radius_7.68e-02,
0,504.4968329456118,963362.4610725023,1.0,0.00024044,121.39,5000,exp_1.00e+00_coeff_5.24e-04_radius_5.04e+02,
0,0.0023330173686511974,0.8488389432445133,1.0,0.39997,7.6646,2000,exp_1.00e+00_coeff_2.75e-03_radius_2.33e-03,
0,0.08261887317870924,0.0024133661070928044,1.0,0.4,2702.9,2001,exp_1.00e+00_coeff_3.42e+01_radius_8.26e-02,
0,0.08364871403356498,0.0004938087327159426,1.0,0.4,13209.0,2001,exp_1.00e+00_coeff_1.69e+02_radius_8.36e-02,
0,0.35836766166353357,0.00042902953637727944,1.0,0.4,15901.0,2001,exp_1.00e+00_coeff_8.35e+02_radius_3.58e-01,
0,0.002247451180187125,9.695877327318197,1.0,0.39966,0.67066,2001,exp_1.00e+00_coeff_2.32e-04_radius_2.25e-03,
0,0.07865972975564299,0.06968421878769028,1.0,0.39991,93.572,2000,exp_1.00e+00_coeff_1.13e+00_radius_7.87e-02,
0,11.508280297477524,326.5844296474293,1.0,0.04931,0.25597,2000,exp_1.00e+00_coeff_3.52e-02_radius_1.15e+01,
0,0.7315510107699548,7705.437823480165,1.0,0.031177,0.011290000000000001,2000,exp_1.00e+00_coeff_9.49e-05_radius_7.32e-01,
0,0.004162532180805763,18.234394206937928,1.0,0.39882,0.35614,2001,exp_1.00e+00_coeff_2.28e-04_radius_4.16e-03,
0,0.016488592163613147,12.400655890078747,1.0,0.39686,0.5223399999999999,2001,exp_1.00e+00_coeff_1.33e-03_radius_1.65e-02,
0,12.042903004065517,61.146424184222866,1.0,0.22191,2.5653,2001,exp_1.00e+00_coeff_1.97e-01_radius_1.20e+01,
0,0.033750478293860894,0.004898681949216967,1.0,0.4,1328.8,2000,exp_1.00e+00_coeff_6.89e+00_radius_3.38e-02,
0,0.021447152795733993,3.2640115279453217,1.0,0.39891,1.9902,2001,exp_1.00e+00_coeff_6.57e-03_radius_2.14e-02,
0,0.002523364241496384,3.5966953109271066e-05,1.0,0.4,181810.0,2000,exp_1.00e+00_coeff_7.02e+01_radius_2.52e-03,
0,0.008576944659847024,2.135317966610169e-05,1.0,0.4,304120.0,2000,exp_1.00e+00_coeff_4.02e+02_radius_8.58e-03,
0,102.87882660615728,7.029356133326929,1.0,0.39708000000000004,3473.0,2001,exp_1.00e+00_coeff_1.46e+01_radius_1.03e+02,
0,0.0020181767474798337,0.004487687585057793,1.0,0.4,1449.5,2001,exp_1.00e+00_coeff_4.50e-01_radius_2.02e-03,
0,23.981228186760905,0.05942290386301648,1.0,0.3999,22482.0,2001,exp_1.00e+00_coeff_4.04e+02_radius_2.40e+01,
0,0.03676256538609223,0.0004544579129758425,1.0,0.4,14318.0,2001,exp_1.00e+00_coeff_8.09e+01_radius_3.68e-02,
0,2.843308150225343,0.10398760227579544,1.0,0.39896,235.99,2000,exp_1.00e+00_coeff_2.73e+01_radius_2.84e+00,
0,12.541810325410504,0.025565604737502596,1.0,0.39992,14388.0,2001,exp_1.00e+00_coeff_4.91e+02_radius_1.25e+01,
0,454.7766277214027,5.624519862708568,1.0,0.39947,85149.0,2001,exp_1.00e+00_coeff_8.09e+01_radius_4.55e+02,
0,55.67040530706366,120215.62466218269,1.0,0.0011072,0.028572000000000004,2000,exp_1.00e+00_coeff_4.63e-04_radius_5.57e+01,
0,0.17168735792282153,0.15144631635500116,1.0,0.3996,43.418,2000,exp_1.00e+00_coeff_1.13e+00_radius_1.72e-01,
0,0.03390906108485352,0.0008651145670674214,1.0,0.4,7524.0,2000,exp_1.00e+00_coeff_3.92e+01_radius_3.39e-02,
0,0.08012181685299015,5.0686679715122755,1.0,0.39388,1.2755,2000,exp_1.00e+00_coeff_1.58e-02_radius_8.01e-02,
0,1139.8104923634046,2148838.1469112416,1.0,8.3173e-05,1.3895,15000,exp_1.00e+00_coeff_5.30e-04_radius_1.14e+03,
0,0.15873028686031487,26.295990072300697,1.0,0.35124,0.23046999999999998,2000,exp_1.00e+00_coeff_6.04e-03_radius_1.59e-01,
0,0.037601901808880074,30.75106564375046,1.0,0.38353000000000004,0.20644,2000,exp_1.00e+00_coeff_1.22e-03_radius_3.76e-02,
0,136.0736505245117,652.550345572718,1.0,0.19685999999999998,24.913,2001,exp_1.00e+00_coeff_2.09e-01_radius_1.36e+02,
0,118.27253485137881,0.7005143689316278,1.0,0.39975,46266.0,2001,exp_1.00e+00_coeff_1.69e+02_radius_1.18e+02,
0,986.9986788879108,173427.66900571823,1.0,0.00069026,0.10703,15000,exp_1.00e+00_coeff_5.69e-03_radius_9.87e+02,
0,113.26865979036195,36952.53626594267,1.0,0.0019721,0.067396,2000,exp_1.00e+00_coeff_3.07e-03_radius_1.13e+02,
0,0.6922117558993911,0.003798381043727957,1.0,0.39997,2018.6,2000,exp_1.00e+00_coeff_1.82e+02_radius_6.92e-01,
0,0.08098116969864862,297.66011860554335,1.0,0.25665,0.021883,2001,exp_1.00e+00_coeff_2.72e-04_radius_8.10e-02,
0,0.30974830211784327,3007.6758025036647,1.0,0.070758,0.011976,2000,exp_1.00e+00_coeff_1.03e-04_radius_3.10e-01,
0,90.6953099120828,15.320848175257822,1.0,0.39278,1229.8,2001,exp_1.00e+00_coeff_5.92e+00_radius_9.07e+01,
0,0.0010446557746929728,0.004898555030965251,1.0,0.4,1327.7,2001,exp_1.00e+00_coeff_2.13e-01_radius_1.04e-03,
0,5.777858399660548,58093.0481706143,1.0,0.0043015,0.011515000000000001,2000,exp_1.00e+00_coeff_9.95e-05_radius_5.78e+00,
0,0.003920228272913114,7.733437399142595,1.0,0.39953,0.84088,2000,exp_1.00e+00_coeff_5.07e-04_radius_3.92e-03,
0,0.3183344715244651,44.95321822287809,1.0,0.29069,0.1334,2001,exp_1.00e+00_coeff_7.08e-03_radius_3.18e-01,
0,0.14637031757195076,0.004589925176795146,1.0,0.39999,1429.1,2000,exp_1.00e+00_coeff_3.19e+01_radius_1.46e-01,
0,0.3324683058546383,0.10998055145987984,1.0,0.39946,61.57899999999999,2000,exp_1.00e+00_coeff_3.02e+00_radius_3.32e-01,
0,25.381629165873125,0.02687442642878895,1.0,0.39996,55677.0,2001,exp_1.00e+00_coeff_9.44e+02_radius_2.54e+01,
0,0.020525317418131364,109.84260439509019,1.0,0.37024,0.056507,2000,exp_1.00e+00_coeff_1.87e-04_radius_2.05e-02,
0,56.05694406366877,18.515769306011286,1.0,0.38597,384.67,2000,exp_1.00e+00_coeff_3.03e+00_radius_5.61e+01,
0,0.2887458258347845,0.04155678214129688,1.0,0.39982,161.46,2000,exp_1.00e+00_coeff_6.95e+00_radius_2.89e-01,
0,0.6620479858678604,0.001430106847513459,1.0,0.39999,5292.5,2001,exp_1.00e+00_coeff_4.63e+02_radius_6.62e-01,
0,3.1502321535849047,0.01607764677932773,1.0,0.39985,1783.1,2000,exp_1.00e+00_coeff_1.96e+02_radius_3.15e+00,
0,2.8754582733380794,1.0419309088537574,1.0,0.38983,23.301,2001,exp_1.00e+00_coeff_2.76e+00_radius_2.88e+00,
0,0.00199832782310898,9.603544987673086e-06,1.0,0.4,674130.0,2000,exp_1.00e+00_coeff_2.08e+02_radius_2.00e-03,
0,1034.397357306954,389.7051016622274,1.0,0.38377,6206.8,2001,exp_1.00e+00_coeff_2.65e+00_radius_1.03e+03,
0,0.07672719375187459,0.004782879786736856,1.0,0.39999,1363.2,2001,exp_1.00e+00_coeff_1.60e+01_radius_7.67e-02,
0,235.5127910407064,258.7264198413536,1.0,0.35281999999999997,463.16,4995,exp_1.00e+00_coeff_9.10e-01_radius_2.36e+02,
0,0.03853512616826245,0.07078498460586308,1.0,0.39996,91.96700000000001,2001,exp_1.00e+00_coeff_5.44e-01_radius_3.85e-02,
0,3.4771693828455157,2337.0494596328817,1.0,0.02696,0.044746,2001,exp_1.00e+00_coeff_1.49e-03_radius_3.48e+00,
0,0.36721282381701403,660.7093295841821,1.0,0.12301,0.028441,2000,exp_1.00e+00_coeff_5.56e-04_radius_3.67e-01,
0,0.0809996252493203,10.211437597209617,1.0,0.38797,0.62731,2001,exp_1.00e+00_coeff_7.93e-03_radius_8.10e-02,
0,1.4012583715857205,6.653359523228173,1.0,0.33903,1.4345,2001,exp_1.00e+00_coeff_2.11e-01_radius_1.40e+00,
0,474.64446930172045,15.550298922263455,1.0,0.39859,33499.0,2001,exp_1.00e+00_coeff_3.05e+01_radius_4.75e+02,
0,0.0024932451001312534,28.984930426129523,1.0,0.39888,0.22407,2001,exp_1.00e+00_coeff_8.60e-05_radius_2.49e-03,
0,57.37544124459601,8.383604542864562,1.0,0.39379000000000003,900.96,2001,exp_1.00e+00_coeff_6.84e+00_radius_5.74e+01,
0,1.5267809097714862,0.1199717500673312,1.0,0.3986,98.93299999999999,2001,exp_1.00e+00_coeff_1.27e+01_radius_1.53e+00,
0,2.7340584044909377,402.46074561834524,1.0,0.068302,0.09986,2001,exp_1.00e+00_coeff_6.79e-03_radius_2.73e+00,
0,0.0018105101155312172,4.749752638135048e-05,1.0,0.4,138850.0,2000,exp_1.00e+00_coeff_3.81e+01_radius_1.81e-03,
0,0.08568688208383442,0.014116186136425594,1.0,0.39998,462.13,2001,exp_1.00e+00_coeff_6.07e+00_radius_8.57e-02,
0,0.017049119545955015,176.7141521875657,1.0,0.36208,0.034638,2000,exp_1.00e+00_coeff_9.65e-05_radius_1.70e-02,
0,257.1394390044079,1087.302090056009,1.0,0.21908000000000002,70.65,4995,exp_1.00e+00_coeff_2.36e-01_radius_2.57e+02,
0,1.570670186932252,1270.906815230501,1.0,0.050713999999999995,0.04133,2000,exp_1.00e+00_coeff_1.24e-03_radius_1.57e+00,
0,1.2450808435817426,5761.656414830956,1.0,0.028333999999999998,0.017018000000000002,2001,exp_1.00e+00_coeff_2.16e-04_radius_1.25e+00,
0,0.018252294292620257,0.0028552468614479573,1.0,0.4,2279.0,2000,exp_1.00e+00_coeff_6.39e+00_radius_1.83e-02,
0,0.004392918157122027,5.975970412020895e-05,1.0,0.4,109050.0,2000,exp_1.00e+00_coeff_7.35e+01_radius_4.39e-03,
0,0.03339382781964165,0.3128973417550074,1.0,0.39984000000000003,20.796999999999997,2001,exp_1.00e+00_coeff_1.07e-01_radius_3.34e-02,
0,0.16419566556428225,0.0019402385545034566,1.0,0.4,3387.3,2001,exp_1.00e+00_coeff_8.46e+01_radius_1.64e-01,
0,0.0021152751947597953,0.13168544862664347,1.0,0.4,49.412,2000,exp_1.00e+00_coeff_1.61e-02_radius_2.12e-03,
0,0.09191701047464056,0.1898732242249147,1.0,0.39973000000000003,34.354,2001,exp_1.00e+00_coeff_4.84e-01_radius_9.19e-02,
0,0.03775278259765778,3.9404545855383745e-05,1.0,0.4,165180.0,2001,exp_1.00e+00_coeff_9.58e+02_radius_3.78e-02,
0,1.3365163842857783,0.0167504209990836,1.0,0.39981,637.62,2001,exp_1.00e+00_coeff_7.98e+01_radius_1.34e+00,
0,0.6142844283029272,440.5977712688736,1.0,0.11864000000000001,0.045146,2001,exp_1.00e+00_coeff_1.39e-03_radius_6.14e-01,
0,0.0010735252114742896,0.012840380208695466,1.0,0.4,506.67,2000,exp_1.00e+00_coeff_8.36e-02_radius_1.07e-03,
0,122.75068625280608,16137.607230731302,1.0,0.0029835,0.10580999999999999,2000,exp_1.00e+00_coeff_7.61e-03_radius_1.23e+02,
0,0.0010263078046179944,1.8799736595367824,1.0,0.39997,3.4596,2001,exp_1.00e+00_coeff_5.46e-04_radius_1.03e-03,
0,871.1070695839409,0.8680885143105319,1.0,0.39996,2025800.0,2000,exp_1.00e+00_coeff_1.00e+03_radius_8.71e+02,
0,0.17883579294411428,285.7462163796748,1.0,0.20936,0.031104000000000003,2001,exp_1.00e+00_coeff_6.26e-04_radius_1.79e-01,
0,0.32716375228612105,0.003985490367248088,1.0,0.39998,1698.5,2000,exp_1.00e+00_coeff_8.21e+01_radius_3.27e-01,
0,0.001105650011429451,0.0025052251246912793,1.0,0.4,2596.9,2001,exp_1.00e+00_coeff_4.41e-01_radius_1.11e-03,
0,30.15629868452048,2.2468254936708605,1.0,0.39688,934.27,2001,exp_1.00e+00_coeff_1.34e+01_radius_3.02e+01,
0,0.009679937723187496,0.00012395554302962005,1.0,0.4,52504.0,2001,exp_1.00e+00_coeff_7.81e+01_radius_9.68e-03,
0,469.7362561542547,400.70991826705904,1.0,0.36329,1209.2,2001,exp_1.00e+00_coeff_1.17e+00_radius_4.70e+02,
0,12.6315947760289,9299.212439433282,1.0,0.0078024,0.042386,2001,exp_1.00e+00_coeff_1.36e-03_radius_1.26e+01,
0,0.008843715972497274,3.0491492062452523,1.0,0.39958,2.1329,2000,exp_1.00e+00_coeff_2.90e-03_radius_8.84e-03,
0,57.05332960163191,0.7576169099274928,1.0,0.39944,9952.4,2001,exp_1.00e+00_coeff_7.53e+01_radius_5.71e+01,
0,0.35903349314688865,1520.8109699799916,1.0,0.088852,0.018289,2000,exp_1.00e+00_coeff_2.36e-04_radius_3.59e-01,
0,0.18209419419940545,0.38777186971750194,1.0,0.39892,16.96,2001,exp_1.00e+00_coeff_4.70e-01_radius_1.82e-01,
0,0.0040518050261466425,0.25335488680863977,1.0,0.39998,25.671999999999997,2001,exp_1.00e+00_coeff_1.60e-02_radius_4.05e-03,
0,1047.2420553143295,11898.263865099107,1.0,0.038508,0.54573,14995,exp_1.00e+00_coeff_8.80e-02_radius_1.05e+03,
0,0.14531671928867387,0.02907356829503157,1.0,0.39993,225.57,2000,exp_1.00e+00_coeff_5.00e+00_radius_1.45e-01,
0,0.0009979522771966845,4.981983321028397e-06,1.0,0.4,1247600.0,2000,exp_1.00e+00_coeff_2.00e+02_radius_9.98e-04,
0,0.14437108359307224,99.0902546683594,1.0,0.28941,0.05929299999999999,2001,exp_1.00e+00_coeff_1.46e-03_radius_1.44e-01,
0,0.0010252390990033943,0.7336440608685291,1.0,0.39999,8.8691,2000,exp_1.00e+00_coeff_1.40e-03_radius_1.03e-03,
0,1038.5004774201238,2424.648368220181,1.0,0.29932,841.74,14995,exp_1.00e+00_coeff_4.28e-01_radius_1.04e+03,
0,61.34917290522675,663.5456431960248,1.0,0.055987999999999996,0.60177,2001,exp_1.00e+00_coeff_9.25e-02_radius_6.13e+01,
0,0.005188780451351059,0.02224481724966436,1.0,0.4,292.4,2001,exp_1.00e+00_coeff_2.33e-01_radius_5.19e-03,
0,0.16686915702182192,0.0007357564389641827,1.0,0.4,8935.4,2001,exp_1.00e+00_coeff_2.27e+02_radius_1.67e-01,
0,12.392774315629648,3871.856309074612,1.0,0.012041,0.065594,2001,exp_1.00e+00_coeff_3.20e-03_radius_1.24e+01,
0,6.881314785297316,0.0067591711141955215,1.0,0.39996,16803.0,2001,exp_1.00e+00_coeff_1.02e+03_radius_6.88e+00,
0,126.74216628667281,7913.911389332449,1.0,0.0047319,0.1571,2000,exp_1.00e+00_coeff_1.60e-02_radius_1.27e+02,
0,0.7199149587714901,1.5606605126880098,1.0,0.38671,4.8437,2001,exp_1.00e+00_coeff_4.61e-01_radius_7.20e-01,
0,0.0009571658678018197,0.0007892497468043,1.0,0.4,8253.0,2000,exp_1.00e+00_coeff_1.21e+00_radius_9.57e-04,
0,0.003865329111281562,1.876097672915496e-05,1.0,0.4,341580.0,2000,exp_1.00e+00_coeff_2.06e+02_radius_3.87e-03,
0,0.29137818625629547,0.02086730868077856,1.0,0.39991,321.77,2000,exp_1.00e+00_coeff_1.40e+01_radius_2.91e-01,
0,0.07427318332276815,29.83443259930564,1.0,0.37073,0.20856,2000,exp_1.00e+00_coeff_2.49e-03_radius_7.43e-02,
0,2.827226128479011,0.006310712413720993,1.0,0.39994,3868.0,2000,exp_1.00e+00_coeff_4.48e+02_radius_2.83e+00,
0,228.74810861221454,82.65626091506714,1.0,0.38445999999999997,1432.3,2000,exp_1.00e+00_coeff_2.77e+00_radius_2.29e+02,
0,121.50027112459097,2880.769620118876,1.0,0.014713,0.28298,2000,exp_1.00e+00_coeff_4.22e-02_radius_1.22e+02,
0,1018.3125380318996,878918.0819771056,1.0,0.00012523,0.088215,15000,exp_1.00e+00_coeff_1.16e-03_radius_1.02e+03,
0,0.008346678205587042,0.09053399718031721,1.0,0.39999,71.851,2001,exp_1.00e+00_coeff_9.22e-02_radius_8.35e-03,
0,464.8895323762665,34.69926479452679,1.0,0.39679000000000003,14359.0,2001,exp_1.00e+00_coeff_1.34e+01_radius_4.65e+02,
0,106.35586379535805,206.25213427264904,1.0,0.31734,109.11,2000,exp_1.00e+00_coeff_5.16e-01_radius_1.06e+02,
0,0.0389072922325486,0.03032735578303291,1.0,0.39998,214.58,2001,exp_1.00e+00_coeff_1.28e+00_radius_3.89e-02,
0,0.0010775113553628433,1.1220116176943806e-06,1.0,0.4,5452400.0,2001,exp_1.00e+00_coeff_9.60e+02_radius_1.08e-03,
0,0.7318843963908338,8.924498502011787,1.0,0.33976,0.77483,2001,exp_1.00e+00_coeff_8.20e-02_radius_7.32e-01,
0,5.6932060315736726,2005.6243310319062,1.0,0.022752,0.061992,2000,exp_1.00e+00_coeff_2.84e-03_radius_5.69e+00,
0,1.6084964585858865,0.04375947309992057,1.0,0.39949,284.92,2001,exp_1.00e+00_coeff_3.68e+01_radius_1.61e+00,
0,1.542353043442153,0.0018286121996820717,1.0,0.39998,6573.3,2001,exp_1.00e+00_coeff_8.43e+02_radius_1.54e+00,
0,0.004649069054891431,0.011579245701574415,1.0,0.4,561.74,2001,exp_1.00e+00_coeff_4.02e-01_radius_4.65e-03,
0,404.2880612059653,2017.787796944859,1.0,0.18596,64.565,4995,exp_1.00e+00_coeff_2.00e-01_radius_4.04e+02,
0,0.017750852266190068,0.00010690320941040998,1.0,0.4,60872.0,2000,exp_1.00e+00_coeff_1.66e+02_radius_1.78e-02,
0,25.60411248353857,0.8039965341234439,1.0,0.39869,1889.3,2001,exp_1.00e+00_coeff_3.18e+01_radius_2.56e+01,
0,0.18550523690366857,0.000496143371876278,1.0,0.4,13287.0,2000,exp_1.00e+00_coeff_3.74e+02_radius_1.86e-01,
0,11.520585665213423,4.521350656537702,1.0,0.3845,66.593,2001,exp_1.00e+00_coeff_2.55e+00_radius_1.15e+01,
0,28.93018590883397,133.14181462090613,1.0,0.21698,6.1731,2000,exp_1.00e+00_coeff_2.17e-01_radius_2.89e+01,
0,0.1529348537988866,0.04901853360366049,1.0,0.39988,133.88,2001,exp_1.00e+00_coeff_3.12e+00_radius_1.53e-01,
0,0.08089649957712214,0.8495874702018784,1.0,0.39894,7.6652,2001,exp_1.00e+00_coeff_9.52e-02_radius_8.09e-02,
0,0.016733536215693123,0.017142914553728232,1.0,0.4,379.46,2001,exp_1.00e+00_coeff_9.76e-01_radius_1.67e-02,
0,10.413998671270681,8.359219878080847,1.0,0.3689,28.511,2000,exp_1.00e+00_coeff_1.25e+00_radius_1.04e+01,
0,0.020035016487858402,0.007997439958259226,1.0,0.4,813.42,2001,exp_1.00e+00_coeff_2.51e+00_radius_2.00e-02,
0,11.892134541590908,1.5994801886295273,1.0,0.39464,204.69,2001,exp_1.00e+00_coeff_7.43e+00_radius_1.19e+01,
0,0.0009596782481726573,0.0004474574479536185,1.0,0.4,14555.0,2001,exp_1.00e+00_coeff_2.14e+00_radius_9.60e-04,
0,6.180431959216899,371.15007621773606,1.0,0.052248,0.16154000000000002,2000,exp_1.00e+00_coeff_1.67e-02_radius_6.18e+00,
0,5.457626935180973,0.02768922186929312,1.0,0.39982,2648.1,2001,exp_1.00e+00_coeff_1.97e+02_radius_5.46e+00,
0,61.29166817244134,19412.03804094884,1.0,0.0028351999999999995,0.068441,1999,exp_1.00e+00_coeff_3.16e-03_radius_6.13e+01,
0,0.001029839083673748,0.05460099472588037,1.0,0.4,119.17,2000,exp_1.00e+00_coeff_1.89e-02_radius_1.03e-03,
0,0.07429089368976016,61.15457955629756,1.0,0.34774,0.09788200000000001,2001,exp_1.00e+00_coeff_1.21e-03_radius_7.43e-02,
0,0.07696434049647471,0.026677604194741623,1.0,0.39997,244.4,2001,exp_1.00e+00_coeff_2.88e+00_radius_7.70e-02,
0,12.75558484168871,0.19441444087260945,1.0,0.39939,1954.3,2001,exp_1.00e+00_coeff_6.56e+01_radius_1.28e+01,
0,2.676686921161925,27900.25735257053,1.0,0.0093764,0.011231,2000,exp_1.00e+00_coeff_9.59e-05_radius_2.68e+00,
0,0.002417155239641377,4.697398024316727e-06,1.0,0.4,1410500.0,2000,exp_1.00e+00_coeff_5.15e+02_radius_2.42e-03,
0,0.00386134525020022,4.1115237251002115e-06,1.0,0.4,1556800.0,2000,exp_1.00e+00_coeff_9.39e+02_radius_3.86e-03,
0,246.02169242165925,0.5456099965998042,1.0,0.3999,257080.0,2000,exp_1.00e+00_coeff_4.51e+02_radius_2.46e+02,
0,0.004445884035233204,0.0003458384078319293,1.0,0.4,18834.0,2000,exp_1.00e+00_coeff_1.29e+01_radius_4.45e-03,
0,6.9283562973481585,6.662038787016565,1.0,0.36514,15.84,2000,exp_1.00e+00_coeff_1.04e+00_radius_6.93e+00,
0,3.1253127833736394,0.004055288431645915,1.0,0.39996,6986.1,2001,exp_1.00e+00_coeff_7.71e+02_radius_3.13e+00,
0,0.0041198815495991975,7.178145677427952e-06,1.0,0.4,891600.0,2000,exp_1.00e+00_coeff_5.74e+02_radius_4.12e-03,
0,27.110244582391598,18919.174064127503,1.0,0.0038965000000000002,0.043963,1998,exp_1.00e+00_coeff_1.43e-03_radius_2.71e+01,
0,6.948972068645799,2.139803779961248,1.0,0.38858000000000004,52.563,2001,exp_1.00e+00_coeff_3.25e+00_radius_6.95e+00,
0,0.8006271430434189,118.35594313727111,1.0,0.17515999999999998,0.10346,2001,exp_1.00e+00_coeff_6.76e-03_radius_8.01e-01,
0,0.002224516531418202,0.0001293067079937346,1.0,0.4,50353.0,2001,exp_1.00e+00_coeff_1.72e+01_radius_2.22e-03,
0,0.00884580649653793,0.26379571523274903,1.0,0.39996,24.656,2001,exp_1.00e+00_coeff_3.35e-02_radius_8.85e-03,
0,0.04308392386741176,0.002950872960268342,1.0,0.4,2205.9,2001,exp_1.00e+00_coeff_1.46e+01_radius_4.31e-02,
0,0.008437927157430906,0.5053571455851276,1.0,0.39993,12.874,2000,exp_1.00e+00_coeff_1.67e-02_radius_8.44e-03,
0,0.0011676028056154346,0.1991660909094427,1.0,0.4,32.658,2001,exp_1.00e+00_coeff_5.86e-03_radius_1.17e-03,
0,0.009046423746439594,0.03671236358691571,1.0,0.39999,177.18,2001,exp_1.00e+00_coeff_2.46e-01_radius_9.05e-03,
0,0.03701065747338217,63.54442477153649,1.0,0.3692,0.09753300000000001,2001,exp_1.00e+00_coeff_5.82e-04_radius_3.70e-02,
0,108.12730357737631,1171.6716540424497,1.0,0.048955,0.58975,2000,exp_1.00e+00_coeff_9.23e-02_radius_1.08e+02,
0,13.078088668447798,0.3311773886925973,1.0,0.39898,1204.4,2001,exp_1.00e+00_coeff_3.95e+01_radius_1.31e+01,
0,0.020881936965473247,0.1022270323005908,1.0,0.39997,63.633,2001,exp_1.00e+00_coeff_2.04e-01_radius_2.09e-02,
0,435.5414364191623,298108.0335601434,1.0,0.00030467,0.20307999999999998,5000,exp_1.00e+00_coeff_1.46e-03_radius_4.36e+02,
0,102.73780874525076,0.09117488130616004,1.0,0.39996,268330.0,2001,exp_1.00e+00_coeff_1.13e+03_radius_1.03e+02,
0,1.3482591301045463,193.03763959759573,1.0,0.12269000000000001,0.10350999999999999,2001,exp_1.00e+00_coeff_6.98e-03_radius_1.35e+00,
0,0.008038794479681555,0.0074514065799227225,1.0,0.4,873.26,2000,exp_1.00e+00_coeff_1.08e+00_radius_8.04e-03,
0,1.4537205870340582,36.81742180762695,1.0,0.22283000000000003,0.2934,2000,exp_1.00e+00_coeff_3.95e-02_radius_1.45e+00,
0,0.7649484711294149,0.010409784903000025,1.0,0.3999,760.59,2000,exp_1.00e+00_coeff_7.35e+01_radius_7.65e-01,
0,6.455030088638162,0.18712466914394651,1.0,0.39893,535.72,2000,exp_1.00e+00_coeff_3.45e+01_radius_6.46e+00,
0,0.03571121882484652,1.794189219744716,1.0,0.39901,3.6224,2001,exp_1.00e+00_coeff_1.99e-02_radius_3.57e-02,
0,241.4571566664049,185331.9184283387,1.0,0.00044892,0.049806,5000,exp_1.00e+00_coeff_1.30e-03_radius_2.41e+02,
0,109.12057452980109,0.2509365186803261,1.0,0.3999,109970.0,2001,exp_1.00e+00_coeff_4.35e+02_radius_1.09e+02,
0,0.18418559062514384,62.19987219486162,1.0,0.30264,0.093564,2000,exp_1.00e+00_coeff_2.96e-03_radius_1.84e-01,
0,496.27372666531784,29967.936113069758,1.0,0.0026864999999999997,0.16000999999999999,4997,exp_1.00e+00_coeff_1.66e-02_radius_4.96e+02,
0,1155.8033117294128,198.8548521566774,1.0,0.39259,15385.0,2001,exp_1.00e+00_coeff_5.81e+00_radius_1.16e+03,
0,956.5076809531198,49872.15712997409,1.0,0.0032240000000000003,0.17024,14995,exp_1.00e+00_coeff_1.92e-02_radius_9.57e+02,
0,0.6860663061100937,18.34255832239348,1.0,0.30409,0.35778000000000004,2000,exp_1.00e+00_coeff_3.74e-02_radius_6.86e-01,
0,28.705525939219868,378.61861039558187,1.0,0.056205,0.4812,2001,exp_1.00e+00_coeff_7.58e-02_radius_2.87e+01,
0,118.53669944134903,101.59862047720601,1.0,0.36332,303.44,2000,exp_1.00e+00_coeff_1.17e+00_radius_1.19e+02,
0,226.96214641010295,1038531.7000348567,1.0,0.00024627,0.90336,5000,exp_1.00e+00_coeff_2.19e-04_radius_2.27e+02,
0,22.710000406472474,0.10799990687103367,1.0,0.3998,11094.0,2000,exp_1.00e+00_coeff_2.10e+02_radius_2.27e+01,
0,5.420597098987266,10241.371422591104,1.0,0.010895,0.02636,1993,exp_1.00e+00_coeff_5.29e-04_radius_5.42e+00,
0,1041.3614438081747,67.92110203406385,1.0,0.39719,36833.0,2000,exp_1.00e+00_coeff_1.53e+01_radius_1.04e+03,
0,0.04501216477450973,182.76453560865647,1.0,0.32041,0.031641,2001,exp_1.00e+00_coeff_2.46e-04_radius_4.50e-02,
0,5.446457511423909,0.4682190216548177,1.0,0.39693,154.76,2000,exp_1.00e+00_coeff_1.16e+01_radius_5.45e+00,
0,1097.41327566545,7.110548562641142,1.0,0.39971999999999996,392360.0,2001,exp_1.00e+00_coeff_1.54e+02_radius_1.10e+03,
0,2.7806841467317853,10.533875051579377,1.0,0.31416,1.8096,2001,exp_1.00e+00_coeff_2.64e-01_radius_2.78e+00,
0,60.6477846498653,119.95318167635106,1.0,0.31667,60.638999999999996,2001,exp_1.00e+00_coeff_5.06e-01_radius_6.06e+01,
0,483.6373687123746,67054.47232553267,1.0,0.0010152000000000002,0.14899,4999,exp_1.00e+00_coeff_7.21e-03_radius_4.84e+02,
0,22.609009481389553,6969.393212097507,1.0,0.006547,0.065535,2000,exp_1.00e+00_coeff_3.24e-03_radius_2.26e+01,
0,100.03974606651154,70416.8134583397,1.0,0.0012034,0.050802999999999994,2000,exp_1.00e+00_coeff_1.42e-03_radius_1.00e+02,
0,0.01907397676504001,1.7198739331977174e-05,1.0,0.4,378490.0,2001,exp_1.00e+00_coeff_1.11e+03_radius_1.91e-02,
0,0.04382256879474042,0.00020527208151632637,1.0,0.4,31708.0,2001,exp_1.00e+00_coeff_2.13e+02_radius_4.38e-02,
0,0.0222956492894205,0.0002632994389945214,1.0,0.4,24721.0,2000,exp_1.00e+00_coeff_8.47e+01_radius_2.23e-02,
0,11.36906936418745,0.6955908729786763,1.0,0.39757,433.21,2001,exp_1.00e+00_coeff_1.63e+01_radius_1.14e+01,
0,0.00400658731766676,3.1157220291933694,1.0,0.39981,2.0876,2001,exp_1.00e+00_coeff_1.29e-03_radius_4.01e-03,
0,500.54364191795275,76.65635823178866,1.0,0.3934,7494.5,2000,exp_1.00e+00_coeff_6.53e+00_radius_5.01e+02,
0,0.0021162459400641026,1.7586182495230123,1.0,0.39994,3.6982,2001,exp_1.00e+00_coeff_1.20e-03_radius_2.12e-03,
0,11.975150264672822,1593.8550810527654,1.0,0.018712,0.10235,2000,exp_1.00e+00_coeff_7.51e-03_radius_1.20e+01,
0,0.16990627158529875,0.0001778984100968982,1.0,0.4,36972.0,2001,exp_1.00e+00_coeff_9.55e+02_radius_1.70e-01,
0,445.85213844550185,4778.764075889988,1.0,0.044004,0.59149,4996,exp_1.00e+00_coeff_9.33e-02_radius_4.46e+02,
0,3.2489998583255035,12874.63306735843,1.0,0.012217,0.018215000000000002,1999,exp_1.00e+00_coeff_2.52e-04_radius_3.25e+00,
0,0.002051480965265062,3.649794373292383,1.0,0.39988,1.7824,2000,exp_1.00e+00_coeff_5.62e-04_radius_2.05e-03,
0,0.08524819942247426,2.0361712968466805,1.0,0.39734,3.1922,2000,exp_1.00e+00_coeff_4.19e-02_radius_8.52e-02,
0,0.000960765720887433,0.27264876841379676,1.0,0.4,23.855999999999998,2001,exp_1.00e+00_coeff_3.52e-03_radius_9.61e-04,
0,0.01958364356420585,32.58383978992579,1.0,0.39055,0.19689,2001,exp_1.00e+00_coeff_6.01e-04_radius_1.96e-02,
0,1.3080685122057965,17.243819618736048,1.0,0.28294,0.50402,2001,exp_1.00e+00_coeff_7.59e-02_radius_1.31e+00,
0,0.0038556256100053385,0.0033188274222650223,1.0,0.4,1960.0,2001,exp_1.00e+00_coeff_1.16e+00_radius_3.86e-03,
0,0.001754988529826827,0.2664655160339168,1.0,0.39999,24.416999999999998,2000,exp_1.00e+00_coeff_6.59e-03_radius_1.75e-03,
0,2.7027807844472016,0.16185134275778573,1.0,0.39834,140.79,2000,exp_1.00e+00_coeff_1.67e+01_radius_2.70e+00,
0,0.016642240842443427,1.0942733800934077,1.0,0.39971999999999996,5.9436,2001,exp_1.00e+00_coeff_1.52e-02_radius_1.66e-02,
0,0.0038196472470468337,0.0938375992221359,1.0,0.39999,69.34100000000001,2000,exp_1.00e+00_coeff_4.07e-02_radius_3.82e-03,
0,0.019275453493940945,4.432730249655707e-05,1.0,0.4,146720.0,2001,exp_1.00e+00_coeff_4.35e+02_radius_1.93e-02,
0,56.59341752880445,7439.894363059526,1.0,0.0047315,0.10209,2000,exp_1.00e+00_coeff_7.61e-03_radius_5.66e+01,
0,6.267584235904726,12.795656682567204,1.0,0.3305,6.1406,2000,exp_1.00e+00_coeff_4.90e-01_radius_6.27e+00,
0,0.3276825415877082,0.0006264463724899381,1.0,0.4,10808.0,2001,exp_1.00e+00_coeff_5.23e+02_radius_3.28e-01,
0,0.002423206275565348,0.0022322658218601947,1.0,0.4,2914.5,2000,exp_1.00e+00_coeff_1.09e+00_radius_2.42e-03,
0,2.960847670061604,0.4838855952997241,1.0,0.39528,53.229,2000,exp_1.00e+00_coeff_6.12e+00_radius_2.96e+00,
0,0.32495024918820187,0.2772134906522934,1.0,0.39866999999999997,24.357,2000,exp_1.00e+00_coeff_1.17e+00_radius_3.25e-01,
0,51.71481700516048,3.3284289880529982,1.0,0.39726999999999996,1854.5,2000,exp_1.00e+00_coeff_1.55e+01_radius_5.17e+01,
0,0.613364702717518,0.055481452712598564,1.0,0.39955,133.63,2001,exp_1.00e+00_coeff_1.11e+01_radius_6.13e-01,
0,195.13187593745715,33.605627963789935,1.0,0.39261,2594.8,2001,exp_1.00e+00_coeff_5.81e+00_radius_1.95e+02,
0,0.08604379437764366,8.534502104173573e-05,1.0,0.4,76438.0,2000,exp_1.00e+00_coeff_1.01e+03_radius_8.60e-02,
0,2.8704116277554057,2.6205124587960205,1.0,0.37524,8.8586,2001,exp_1.00e+00_coeff_1.10e+00_radius_2.87e+00,
0,0.0011191920803661386,1.640890932199383e-05,1.0,0.4,396570.0,2000,exp_1.00e+00_coeff_6.82e+01_radius_1.12e-03,
0,0.008030830967604563,1.2198033599111557,1.0,0.39985,5.3329,2000,exp_1.00e+00_coeff_6.58e-03_radius_8.03e-03,
0,0.2903861193549083,0.5416860926595297,1.0,0.39766999999999997,12.347000000000001,2001,exp_1.00e+00_coeff_5.36e-01_radius_2.90e-01,
0,0.35193929333132573,125.71525303634333,1.0,0.21893,0.066719,2000,exp_1.00e+00_coeff_2.80e-03_radius_3.52e-01,
0,27.15887499111744,11.964046403010965,1.0,0.38164000000000003,138.77,2000,exp_1.00e+00_coeff_2.27e+00_radius_2.72e+01,
0,0.01989786660358196,0.04104433093979204,1.0,0.39999,158.49,2001,exp_1.00e+00_coeff_4.85e-01_radius_1.99e-02,
0,0.009147401395348762,0.00028659632414454174,1.0,0.4,22707.0,2000,exp_1.00e+00_coeff_3.19e+01_radius_9.15e-03,
0,63.726079663060816,2.0028461714355466,1.0,0.39866,4690.1,2001,exp_1.00e+00_coeff_3.18e+01_radius_6.37e+01,
0,11.079446860344387,115.72542030240118,1.0,0.11907999999999999,0.69083,2001,exp_1.00e+00_coeff_9.57e-02_radius_1.11e+01,
0,0.2787058905924917,0.009384564391374169,1.0,0.39996,713.53,2001,exp_1.00e+00_coeff_2.97e+01_radius_2.79e-01,
0,0.31903125202718746,3.2858091848943376,1.0,0.38555,2.0179,2001,exp_1.00e+00_coeff_9.71e-02_radius_3.19e-01,
0,254.78096542179836,3051.6596742855704,1.0,0.037474,0.5171100000000001,4996,exp_1.00e+00_coeff_8.35e-02_radius_2.55e+02,
0,0.7835350151725272,1271.163927314451,1.0,0.068854,0.029322000000000004,2000,exp_1.00e+00_coeff_6.16e-04_radius_7.84e-01,
0,1.2866636465001806,407.64749450136145,1.0,0.091353,0.06768500000000001,2000,exp_1.00e+00_coeff_3.16e-03_radius_1.29e+00,
0,0.04037864307048943,0.18324203242006482,1.0,0.39988,35.523,2000,exp_1.00e+00_coeff_2.20e-01_radius_4.04e-02,
0,999.4806331754387,2.124906898267565,1.0,0.39991,1089400.0,2001,exp_1.00e+00_coeff_4.70e+02_radius_9.99e+02,
0,0.0009407777120228376,0.0001752565668982966,1.0,0.4,37270.0,2001,exp_1.00e+00_coeff_5.37e+00_radius_9.41e-04,
0,0.00733924519715343,36.51813527054328,1.0,0.39591,0.17707,2001,exp_1.00e+00_coeff_2.01e-04_radius_7.34e-03,
0,551.797934897558,229.5619798224321,1.0,0.38206,2991.1,2000,exp_1.00e+00_coeff_2.40e+00_radius_5.52e+02,
0,0.004050123427919331,0.001754515582452583,1.0,0.4,3708.7,2000,exp_1.00e+00_coeff_2.31e+00_radius_4.05e-03,
0,206.7486296821098,14.91212955131254,1.0,0.3969,6609.5,2000,exp_1.00e+00_coeff_1.39e+01_radius_2.07e+02,
0,1063.1625447350561,41.03819825057166,1.0,0.39834,63659.0,2001,exp_1.00e+00_coeff_2.59e+01_radius_1.06e+03,
0,434.26839012998187,144327.78562589292,1.0,0.00045685,0.095542,5000,exp_1.00e+00_coeff_3.01e-03_radius_4.34e+02,
0,3.14995186063509,4804.957005691674,1.0,0.019534,0.029467,2000,exp_1.00e+00_coeff_6.56e-04_radius_3.15e+00,
0,0.08413706628279306,0.00017607055789722428,1.0,0.4,37053.0,2001,exp_1.00e+00_coeff_4.78e+02_radius_8.41e-02,
0,23.157123416135843,15.031769754490975,1.0,0.37323,79.232,2001,exp_1.00e+00_coeff_1.54e+00_radius_2.32e+01,
0,50.6268097762131,2575.46867233888,1.0,0.010902,0.173,2001,exp_1.00e+00_coeff_1.97e-02_radius_5.06e+01,
0,0.33656691933586613,1.4140957514507153,1.0,0.39319,4.7456,2001,exp_1.00e+00_coeff_2.38e-01_radius_3.37e-01,
0,15.395955335070374,71321.65005063788,1.0,0.0026006000000000002,0.017681,2000,exp_1.00e+00_coeff_2.16e-04_radius_1.54e+01,
0,1.254730614474697,0.0027640622098738317,1.0,0.39997,3692.2,2000,exp_1.00e+00_coeff_4.54e+02_radius_1.25e+00,
0,0.016853556850936955,0.0010658463983695189,1.0,0.4,6105.9,2000,exp_1.00e+00_coeff_1.58e+01_radius_1.69e-02,
0,23.212817660266303,242648.91189460564,1.0,0.0012083,0.012705,2000,exp_1.00e+00_coeff_9.57e-05_radius_2.32e+01,
0,1091.1848137896602,4403150.925013486,1.0,8.0119e-05,976.64,15000,exp_1.00e+00_coeff_2.48e-04_radius_1.09e+03,
0,0.039192574051427155,0.015450307211233659,1.0,0.39999,421.38,2000,exp_1.00e+00_coeff_2.54e+00_radius_3.92e-02,
0,0.0009218617510727725,3.3380102436800985,1.0,0.39995,1.9484,2001,exp_1.00e+00_coeff_2.76e-04_radius_9.22e-04,
0,6.119606381766207,0.8625575739042624,1.0,0.39485,103.93,2000,exp_1.00e+00_coeff_7.09e+00_radius_6.12e+00,
0,0.0045809347023981605,0.7459841013104683,1.0,0.39995,8.7191,2001,exp_1.00e+00_coeff_6.14e-03_radius_4.58e-03,
0,0.017473582714618675,0.19573822035658278,1.0,0.39995,33.243,2000,exp_1.00e+00_coeff_8.93e-02_radius_1.75e-02,
0,219.90437343727112,1.3409224752508053,1.0,0.39974,83549.0,2001,exp_1.00e+00_coeff_1.64e+02_radius_2.20e+02,
0,0.0010678200329556236,2.758913024628714e-05,1.0,0.4,236720.0,2001,exp_1.00e+00_coeff_3.87e+01_radius_1.07e-03,
0,112.73285079971252,2.770326676623764,1.0,0.39895,10614.0,2000,exp_1.00e+00_coeff_4.07e+01_radius_1.13e+02,
0,0.7318390048205884,0.02164223056018411,1.0,0.3998,360.32,2000,exp_1.00e+00_coeff_3.38e+01_radius_7.32e-01,
0,1.4884450482839788,0.2501418048501787,1.0,0.39709,46.245,2000,exp_1.00e+00_coeff_5.95e+00_radius_1.49e+00,
0,0.1595200261626823,0.910797437263554,1.0,0.39778,7.1896,2000,exp_1.00e+00_coeff_1.75e-01_radius_1.60e-01,
0,2.8818254797225853,35.50421484920157,1.0,0.20901999999999998,0.52745,2000,exp_1.00e+00_coeff_8.12e-02_radius_2.88e+00,
0,1.70800537760019,0.6317052634427991,1.0,0.39279000000000003,20.521,2001,exp_1.00e+00_coeff_2.70e+00_radius_1.71e+00,
0,59.77028063799721,0.062357696994087025,1.0,0.39996,132820.0,2001,exp_1.00e+00_coeff_9.59e+02_radius_5.98e+01,
0,0.08101444026252506,0.00120977636113286,1.0,0.4,5391.5,2000,exp_1.00e+00_coeff_6.70e+01_radius_8.10e-02,
0,30.66318228196169,865.4654851236219,1.0,0.024671000000000002,0.25195,2001,exp_1.00e+00_coeff_3.54e-02_radius_3.07e+01,
0,0.6485595249694011,2858.2680998345822,1.0,0.052650999999999996,0.017659,2001,exp_1.00e+00_coeff_2.27e-04_radius_6.49e-01,
0,275.5169301622165,41126.214245681476,1.0,0.001459,0.099998,4998,exp_1.00e+00_coeff_6.70e-03_radius_2.76e+02,
0,54.50194189939762,210329.31667582938,1.0,0.00089282,0.031495999999999996,2000,exp_1.00e+00_coeff_2.59e-04_radius_5.45e+01,
0,115.97115901828016,981191.8014881536,1.0,0.00059944,75529.0,2000,exp_1.00e+00_coeff_1.18e-04_radius_1.16e+02,
