,Nmax,Ric_adim,delta,exp,folder,phi_r,phi_top,remarks,sum_phi,tau_ic,dot_r
0,2000,0.8897839229028854,214860.0,0.5,exp_5.00e-01_coeff_1.12e+02_radius_8.90e-01,0.3999988284138609,0.3999998109947709,,0.4,6.314488546812363e-05,7045.573970928018
0,2000,2.9505565332059005,0.10873,0.5,exp_5.00e-01_coeff_1.15e-01_radius_2.95e+00,0.025390928920591138,0.03460268546512657,,0.06790700000000001,657.1384562619058,0.002245003701343223
0,2000,0.3145386771244296,0.11555,0.5,exp_5.00e-01_coeff_3.12e-02_radius_3.15e-01,0.06214265799904351,0.3567599038888475,,0.27089,101.47593689000016,0.0015498190347598827
0,4000,10.0,6.624,0.5,exp_5.00e-01_coeff_1.58e+00_radius_1.00e+01,0.23663222780343185,0.3535349912822531,,0.30996,39.81071705534971,0.12559432157547903
0,2000,18.926115502885843,0.52487,0.5,exp_5.00e-01_coeff_9.50e-01_radius_1.89e+01,0.10464213853843997,0.04791934887702953,,0.11155999999999999,397.1694654062262,0.023826246918967134
0,2000,7.010776557292763,0.21043,0.5,exp_5.00e-01_coeff_3.18e-01_radius_7.01e+00,0.05408617275117067,0.018421319956480442,,0.06923,486.13148040991234,0.007210782308709143
0,2000,6.891985140568894,397640.0,0.5,exp_5.00e-01_coeff_3.08e+02_radius_6.89e+00,0.3999952452497648,0.3999992880068423,,0.4,0.0005003157806124401,6887.6351772598155
0,2000,0.00466718309964903,24441000.0,0.5,exp_5.00e-01_coeff_1.02e+03_radius_4.67e-03,0.4,0.4,,0.4,2.1114556549197105e-11,110520509.6013845
0,2000,0.046250621985139476,5.3339,0.5,exp_5.00e-01_coeff_3.33e-02_radius_4.63e-02,0.3975306409888121,0.3995738504588071,,0.39905,1.9243357517422321,0.012017295303916075
0,2000,0.09098538328006717,758820000.0,0.5,exp_5.00e-01_coeff_1.14e+03_radius_9.10e-02,0.3999999999839329,0.3999999999972104,,0.4,6.363210513294915e-09,7149329.9718725085
0,4000,200.0,3.42,0.5,exp_5.00e-01_coeff_1.00e-01_radius_2.00e+02,0.0030723086216246642,1.68832642777339e-06,,0.00033157,4000000.0,2.5e-05
0,2000,170.40172603606516,473.12,0.5,exp_5.00e-01_coeff_1.12e+01_radius_1.70e+02,0.3228381583401513,0.3788775589870608,,0.36252,232.89357491029384,0.36583603927609565
0,1999,159.02058894299455,0.16507,0.5,exp_5.00e-01_coeff_1.15e+00_radius_1.59e+02,0.04023488147828946,0.0054073463551501675,,0.016538999999999998,19283.29790304338,0.004123272630608926
0,2000,0.005677109107755212,181610.0,0.5,exp_5.00e-01_coeff_7.55e-01_radius_5.68e-03,0.3999999910458585,0.3999999984451885,,0.4,5.6580267812273704e-05,50.16863057798838
0,2000,0.020745586441941296,1868600000.0,0.5,exp_5.00e-01_coeff_9.73e+02_radius_2.07e-02,0.3999999999998452,0.3999999999999937,,0.4,4.544256490781989e-10,22826161.423792493
0,2000,0.42605569584446235,54747.0,0.5,exp_5.00e-01_coeff_3.00e+01_radius_4.26e-01,0.3999977807871277,0.3999996226389555,,0.4,0.00020152238636034483,1057.0927219039243
0,2000,0.009510461800463698,1184.4,0.5,exp_5.00e-01_coeff_1.02e-01_radius_9.51e-03,0.3999977034892522,0.3999996012374973,,0.4,0.008662595794681528,0.5489383336056569
0,2000,1.032494119331599,1157500.0,0.5,exp_5.00e-01_coeff_2.90e+02_radius_1.03e+00,0.3999997482367845,0.3999999600872042,,0.4,1.269239468193811e-05,40673.73199483341
0,20000,1000.0,0.41608,0.5,exp_5.00e-01_coeff_6.32e+00_radius_1.00e+03,0.09467459544423384,0.03494093378161756,,0.074951,24999.999999999996,0.020000000000000004
0,2000,0.002169692277494166,3230200.0,0.5,exp_5.00e-01_coeff_1.26e+00_radius_2.17e-03,0.3999999998200005,0.3999999999687415,,0.4,2.97586049946766e-06,364.5487209300123
0,2000,1.425542506273603,20380.0,0.5,exp_5.00e-01_coeff_4.72e+01_radius_1.43e+00,0.3999803903499388,0.39999702307207374,,0.39999,0.0009116327948725132,781.8622335065058
0,2000,0.4800638863985863,0.039588,0.5,exp_5.00e-01_coeff_1.68e-02_radius_4.80e-01,0.0019581028321801197,0.2323926970153072,,0.12326,815.4929725037488,0.0002943396832253999
0,2000,0.36405268343785213,549040.0,0.5,exp_5.00e-01_coeff_8.20e+01_radius_3.64e-01,0.3999998108150896,0.3999999676577147,,0.4,1.9712089406872802e-05,9234.248991152654
0,2000,0.019610185905018295,444170.0,0.5,exp_5.00e-01_coeff_4.08e+00_radius_1.96e-02,0.3999999873825548,0.3999999978091893,,0.4,2.3084750858661472e-05,424.74328670652494
0,2000,27.63986106327227,32723.0,0.5,exp_5.00e-01_coeff_8.95e+01_radius_2.76e+01,0.399764650109852,0.3999583737072984,,0.39991,0.09528495924445449,145.03790148223678
0,2000,0.0020083036242110053,373090.0,0.5,exp_5.00e-01_coeff_3.84e-01_radius_2.01e-03,0.3999999984673379,0.3999999997338664,,0.4,2.7376279662050804e-05,36.67963012145383
0,2000,0.1940918004266612,208740000.0,0.5,exp_5.00e-01_coeff_8.88e+02_radius_1.94e-01,0.3999999997454964,0.3999999999560101,,0.4,4.780766503019088e-08,2029923.4474648663
0,1997,10.217788643434487,0.052478,0.5,exp_5.00e-01_coeff_1.10e-01_radius_1.02e+01,0.01457011623432769,0.0007250117002691736,,0.011843000000000001,8629.723383240445,0.0005920113652355405
0,2000,0.5392279549425142,40037000.0,0.5,exp_5.00e-01_coeff_1.01e+03_radius_5.39e-01,0.3999999961742835,0.3999999993567179,,0.4,2.8640685582071395e-07,941367.0517720814
0,2000,0.0337547875213692,5016.5,0.5,exp_5.00e-01_coeff_7.46e-01_radius_3.38e-02,0.3999980755948353,0.3999996658925273,,0.4,0.002046163352637062,8.248312012300136
0,2000,3.2352742609111016,1696400.0,0.5,exp_5.00e-01_coeff_5.85e+02_radius_3.24e+00,0.3999994736695792,0.39999992563746345,,0.4,3.053451179470356e-05,52977.337293997356
0,20000,316.22776601683796,517160.0,0.5,exp_5.00e-01_coeff_3.56e+02_radius_3.16e+02,0.3998278215956701,0.39996737626276097,,0.39993,0.790569415042095,199.99999999999997
0,2000,527.9396400857439,3.122,0.5,exp_5.00e-01_coeff_1.12e+00_radius_5.28e+02,0.020963621142401245,0.0006607041275733527,,0.0037446,220335.6154190227,0.001198035186190249
0,2000,0.011050922872471718,10850.0,0.5,exp_5.00e-01_coeff_3.59e-01_radius_1.11e-02,0.3999997086951,0.39999994941824746,,0.4,0.0009456602031733121,5.84296708024119
0,2000,0.0010424120435670598,1722800.0,0.5,exp_5.00e-01_coeff_8.51e+00_radius_1.04e-03,0.3999999999997504,0.39999999999999103,,0.4,1.4991504453752506e-08,34766.75895947638
0,2000,29.165169308605982,69910.0,0.5,exp_5.00e-01_coeff_1.31e+02_radius_2.92e+01,0.3998837267986887,0.3999793569470281,,0.39995,0.04964718202733092,293.7243174501875
0,1997,1.1033095117867524,0.015130000000000001,0.5,exp_5.00e-01_coeff_1.04e-02_radius_1.10e+00,0.0016292597244530473,6.2294890642689e-05,,0.026728,11274.431124164132,4.892971980741734e-05
0,2000,3.373678883446913,4500500.0,0.5,exp_5.00e-01_coeff_9.61e+02_radius_3.37e+00,0.3999997931875038,0.3999999707741797,,0.4,1.2312956694085645e-05,136997.10667655527
0,2000,7.106825758435896,263.56,0.5,exp_5.00e-01_coeff_7.97e+00_radius_7.11e+00,0.3927441426604714,0.398896765421304,,0.39728,0.7956882758084186,4.465835412250713
0,2000,0.8805158184137074,2.0718,0.5,exp_5.00e-01_coeff_3.50e-01_radius_8.81e-01,0.2992953986543071,0.3860603596066979,,0.36412,6.340804811391491,0.06943249671018323
0,2000,15.790468296164397,3459800.0,0.5,exp_5.00e-01_coeff_9.21e+02_radius_1.58e+01,0.3999987342628533,0.399999788510956,,0.4,0.0002942568733564484,26831.09508377837
0,2000,0.975447115618319,82.96700000000001,0.5,exp_5.00e-01_coeff_2.36e+00_radius_9.75e-01,0.3966969062978684,0.3994758491746838,,0.39876999999999996,0.17121106968480457,2.848668364183734
0,2000,1.1750442243489019,0.18266,0.5,exp_5.00e-01_coeff_1.07e-01_radius_1.18e+00,0.021340283054770204,0.3138231972506159,,0.18682,120.20366102744897,0.004887722280274708
0,1995,7.428887774149429,0.056930999999999995,0.5,exp_5.00e-01_coeff_1.01e-01_radius_7.43e+00,0.01575291042220739,0.0008449431694428355,,0.016919999999999998,5383.623460644942,0.0006899523925155299
0,2000,0.0021122003729075675,898470.0,0.5,exp_5.00e-01_coeff_6.13e-01_radius_2.11e-03,0.3999999993013972,0.3999999998786953,,0.4,1.1864657609066672e-05,89.01227673411651
0,4000,200.0,0.11748,0.5,exp_5.00e-01_coeff_1.00e+00_radius_2.00e+02,0.030729211715252336,0.003146414378925489,,0.009674700000000001,40000.0,0.0025
0,2000,2.5180341967011626,0.0088012,0.5,exp_5.00e-01_coeff_9.01e-03_radius_2.52e+00,0.0015541781254435616,1.9365076945443427e-05,,0.0068273,78132.5473096323,1.611386217015566e-05
0,2000,502.16058602285796,50375.0,0.5,exp_5.00e-01_coeff_1.11e+02_radius_5.02e+02,0.3972341817076139,0.3994688448047836,,0.39888,20.39654733678237,12.309940935868111
0,2000,0.018556549643250556,15860.0,0.5,exp_5.00e-01_coeff_7.30e-01_radius_1.86e-02,0.3999996653543385,0.3999999418942149,,0.4,0.000647017254592226,14.34007324499064
0,2000,0.9072770380310274,21423.0,0.5,exp_5.00e-01_coeff_3.59e+01_radius_9.07e-01,0.3999880257972525,0.3999980724737372,,0.4,0.0006391562234546281,709.7459155816485
0,4000,200.0,357.49,0.5,exp_5.00e-01_coeff_1.00e+01_radius_2.00e+02,0.29599955800325817,0.36594751166199946,,0.34515,400.0,0.25
0,2000,0.4303711216881581,8.5331,0.5,exp_5.00e-01_coeff_3.79e-01_radius_4.30e-01,0.38594572360886026,0.3976837139376629,,0.3947,1.2918140224534553,0.16657626957430885
0,2000,0.053156951711614234,463.96,0.5,exp_5.00e-01_coeff_3.57e-01_radius_5.32e-02,0.3999672369599289,0.3999943134226373,,0.39999,0.022138200251171625,1.2005707579775144
0,2000,59.54916523571693,16.756,0.5,exp_5.00e-01_coeff_1.92e-02_radius_5.95e+01,0.0010248307340305909,3.3594860893160217e-08,,0.00060191,9629164.38505456,3.0921252797461466e-06
0,2000,0.020685279896064043,24.875,0.5,exp_5.00e-01_coeff_3.22e-02_radius_2.07e-02,0.3997622779346092,0.3999587473515284,,0.39991,0.4124867650991011,0.025073871026012613
0,1999,1.5273171647716755,0.011852,0.5,exp_5.00e-01_coeff_9.58e-03_radius_1.53e+00,0.0016067671909618664,3.6024334280182486e-05,,0.015386000000000002,25402.497582918626,3.006234248790339e-05
0,2000,0.04828108535612563,5551.8,0.5,exp_5.00e-01_coeff_1.12e+00_radius_4.83e-02,0.3999975129549699,0.3999995682736607,,0.4,0.0018497423987651443,13.050759226894847
0,2000,0.011154463729559331,13316000.0,0.5,exp_5.00e-01_coeff_1.25e+01_radius_1.12e-02,0.3999999997532564,0.3999999999571503,,0.4,7.936297249021367e-07,7027.498705983322
0,2000,20.599548268008196,53879.0,0.5,exp_5.00e-01_coeff_1.15e+02_radius_2.06e+01,0.39989366665557824,0.3999816952492531,,0.39996,0.03214532330123476,320.4128338509653
0,2000,81.22868372024458,4328.2,0.5,exp_5.00e-01_coeff_3.26e+01_radius_8.12e+01,0.3948280128570949,0.3990183371267277,,0.39791,6.203497892325163,6.547006634816383
0,2000,0.019825176883926324,259.85,0.5,exp_5.00e-01_coeff_9.98e-02_radius_1.98e-02,0.3999781803909638,0.3999962115972928,,0.39999,0.039489468641120226,0.25101853185335654
0,2000,0.0008984363932767022,1127.3,0.5,exp_5.00e-01_coeff_9.42e-03_radius_8.98e-04,0.3999997720606056,0.3999999604203032,,0.4,0.009101121650748386,0.049358553140690285
0,2000,0.001020823844069636,36769.0,0.5,exp_5.00e-01_coeff_6.11e-02_radius_1.02e-03,0.3999999920581395,0.39999999862097146,,0.4,0.00027908337607382053,1.8288868696350031
0,2000,0.01031734957837334,6054100.0,0.5,exp_5.00e-01_coeff_7.72e+00_radius_1.03e-02,0.39999999948659015,0.3999999999108411,,0.4,1.7851759731409444e-06,2889.729005320519
0,2000,0.019578187239576238,58392000.0,0.5,exp_5.00e-01_coeff_4.93e+01_radius_1.96e-02,0.3999999999140178,0.39999999998506464,,0.4,1.5755767213770502e-07,62130.22499616823
0,2000,0.004178413329127972,6161.5,0.5,exp_5.00e-01_coeff_1.02e-01_radius_4.18e-03,0.3999998060446881,0.39999996632138596,,0.4,0.0016651611239156992,1.2546573629170041
0,4000,10.0,100.83,0.5,exp_5.00e-01_coeff_5.01e+00_radius_1.00e+01,0.374571401549784,0.39576003805989424,,0.39000999999999997,3.981071705534974,1.2559432157547896
0,2000,3.085776000219729,59.31,0.5,exp_5.00e-01_coeff_3.44e+00_radius_3.09e+00,0.38602656960116205,0.3980276955836472,,0.39499,0.8034759221065703,1.9202666286062289
0,2000,0.004268366457394894,582.75,0.5,exp_5.00e-01_coeff_3.22e-02_radius_4.27e-03,0.3999979051345579,0.3999996362474311,,0.4,0.017606045453556093,0.12121877308151455
0,2000,1.5590906999447702,1.1041,0.5,exp_5.00e-01_coeff_3.80e-01_radius_1.56e+00,0.16861264289174072,0.3689797120584611,,0.31256999999999996,16.85346782775702,0.0462542995862551
0,2000,0.002032312806801102,15004000.0,0.5,exp_5.00e-01_coeff_2.29e+00_radius_2.03e-03,0.39999999995532665,0.3999999999922398,,0.4,7.879426922749511e-07,1289.6323722055224
0,2000,57.393695846557,0.071159,0.5,exp_5.00e-01_coeff_8.00e-02_radius_5.74e+01,0.00438032293058066,3.123854416342553e-05,,0.0008563,514570.45415291283,5.5768549654719924e-05
0,2000,3.520241756807821,0.031056999999999998,0.5,exp_5.00e-01_coeff_3.83e-02_radius_3.52e+00,0.007716103952691067,0.0002507718414669346,,0.018057,8444.739847886414,0.00020842807595126107
0,2000,0.0007971209958339599,638770.0,0.5,exp_5.00e-01_coeff_2.04e-01_radius_7.97e-04,0.3999999996613195,0.3999999999411897,,0.4,1.5241900605768882e-05,26.149002557209265
0,2000,2.685587266381648,4873.1,0.5,exp_5.00e-01_coeff_3.00e+01_radius_2.69e+00,0.3998474618489879,0.3999783532095986,,0.39995,0.008005246737086509,167.73919371778547
0,2000,0.10075508940937378,0.32652,0.5,exp_5.00e-01_coeff_1.80e-02_radius_1.01e-01,0.3225754885124105,0.3885436241699585,,0.3719,31.38694785122988,0.0016050475803977503
0,20000,1000.0,0.11734000000000001,0.5,exp_5.00e-01_coeff_2.00e+00_radius_1.00e+03,0.02724490978588889,0.002465223428044672,,0.007052199999999999,250000.0,0.002
0,2000,0.10748010439274641,3.3957,0.5,exp_5.00e-01_coeff_6.17e-02_radius_1.07e-01,0.3910761708154439,0.39848476329087534,,0.3966,3.034745729926415,0.01770825531326352
0,2000,219.0291020125303,39409.0,0.5,exp_5.00e-01_coeff_9.83e+01_radius_2.19e+02,0.39845237907179976,0.3997057061181182,,0.39938,4.965649007579243,22.05442850251987
0,2000,14.436906329430986,1.8604,0.5,exp_5.00e-01_coeff_1.26e+00_radius_1.44e+01,0.16271321540710382,0.2262958283681347,,0.2137,131.83198969275753,0.054754943633472705
0,2000,6.220264554233724,17.735,0.5,exp_5.00e-01_coeff_2.14e+00_radius_6.22e+00,0.3247654016852893,0.3873849821512793,,0.36921,8.466556342523585,0.3673432445604963
0,20000,1000.0,1181500.0,0.5,exp_5.00e-01_coeff_5.38e+02_radius_1.00e+03,0.3997617108280701,0.3999546498722951,,0.3999,3.460207612456747,144.5
0,20000,1000.0,1.2852,0.5,exp_5.00e-01_coeff_1.00e+01_radius_1.00e+03,0.15497329728042109,0.1782982075918369,,0.16548,10000.0,0.05
0,1993,2.6791766668979307,0.031749,0.5,exp_5.00e-01_coeff_3.39e-02_radius_2.68e+00,0.006941669331660627,0.00025753027816599605,,0.023502000000000002,6234.937873130042,0.00021485191363686672
0,2000,29.60200100914764,109540.0,0.5,exp_5.00e-01_coeff_1.64e+02_radius_2.96e+01,0.3999246640441658,0.39998661179964334,,0.39997,0.032644264161923515,453.4027917173212
0,2000,59.06453366144339,0.079908,0.5,exp_5.00e-01_coeff_3.82e-01_radius_5.91e+01,0.021274447697210874,0.0015019310472802472,,0.006748899999999999,23967.35085333928,0.0012321873623595356
0,2000,1108.5409875358832,3.899,0.5,exp_5.00e-01_coeff_3.20e+00_radius_1.11e+03,0.04274808780539008,0.005313006179803681,,0.017041999999999998,120077.06375165911,0.004615956423736946
0,1998,26.673498530043116,0.059355,0.5,exp_5.00e-01_coeff_1.92e-01_radius_2.67e+01,0.015793412052908073,0.0008469815866276598,,0.006486499999999999,19244.926342510604,0.0006930007955167735
0,2000,1.379065859106389,4.2954,0.5,exp_5.00e-01_coeff_6.84e-01_radius_1.38e+00,0.3216934645312578,0.3891175886499581,,0.37201999999999996,4.0671621643897495,0.1695366207894133
0,2000,0.46956993620172344,4469700.0,0.5,exp_5.00e-01_coeff_2.97e+02_radius_4.70e-01,0.39999997007168175,0.3999999949317673,,0.4,2.5041429195936094e-06,93758.61348159966
0,2000,25.897495512452004,0.063399,0.5,exp_5.00e-01_coeff_1.93e-02_radius_2.59e+01,0.0015657971003536495,2.6307055321916906e-06,,0.00067614,1800146.5053875237,7.193163288361622e-06
0,2000,1.5354910018224084,0.083346,0.5,exp_5.00e-01_coeff_6.35e-02_radius_1.54e+00,0.012466472485721749,0.12443905633706898,,0.090271,585.3887144507497,0.0013115140110474348
0,2000,0.021475268041996315,990.14,0.5,exp_5.00e-01_coeff_2.11e-01_radius_2.15e-02,0.3999937968759042,0.3999989229589765,,0.4,0.010363960305808292,1.0360551086808434
0,20000,1000.0,5171700.0,0.5,exp_5.00e-01_coeff_1.12e+03_radius_1.00e+03,0.399945536183912,0.39998964216788657,,0.39998,0.790569415042095,632.4555320336757
0,2000,18.021077375355848,5505.4,0.5,exp_5.00e-01_coeff_3.67e+01_radius_1.80e+01,0.3990931396461266,0.3998457384734976,,0.39965,0.24058506545852087,37.45261024621425
0,2000,13.831785259431905,0.013781999999999999,0.5,exp_5.00e-01_coeff_1.06e-02_radius_1.38e+01,0.0011765205991706162,2.5445058136064347e-06,,0.00078206,1704458.1181256918,4.057531573331363e-06
0,2000,0.02116245974060147,4031.7,0.5,exp_5.00e-01_coeff_4.19e-01_radius_2.12e-02,0.39999849876070015,0.3999997393382471,,0.4,0.0025452590122740345,4.157231079145477
0,2000,0.042046776311653704,440080.0,0.5,exp_5.00e-01_coeff_8.71e+00_radius_4.20e-02,0.3999999727087076,0.3999999952621425,,0.4,2.3301725428575126e-05,902.2245249721152
0,2000,0.04278941549712107,10167000.0,0.5,exp_5.00e-01_coeff_4.23e+01_radius_4.28e-02,0.39999999878296577,0.3999999997887301,,0.4,1.0211311171993189e-06,20951.969231179948
0,2000,1.7146370769005188,2449400.0,0.5,exp_5.00e-01_coeff_5.70e+02_radius_1.71e+00,0.3999998045359996,0.3999999710583442,,0.4,9.058235278299625e-06,94645.20539713689
0,2000,0.9559402855744707,266.11,0.5,exp_5.00e-01_coeff_4.16e+00_radius_9.56e-01,0.398986385492619,0.3998381063050251,,0.39962,0.052856473360270016,9.042792914491065
0,8000,0.009999999999999998,0.8196200000000001,0.5,exp_5.00e-01_coeff_4.47e-03_radius_1.00e-02,0.3965079351074909,0.39939924799459,,0.39866999999999997,4.999999999999998,0.0010000000000000002
0,2000,8.524233925855828,0.016932,0.5,exp_5.00e-01_coeff_3.06e-02_radius_8.52e+00,0.004349298710142113,6.519527933346314e-05,,0.0039077,77734.11561312799,5.4829426298999586e-05
0,2000,0.5019668038106885,252.15,0.5,exp_5.00e-01_coeff_2.37e+00_radius_5.02e-01,0.39943352862983617,0.3999044994093065,,0.39978,0.04492106317761403,5.5872097441901
0,2000,0.04890101077653832,40765000.0,0.5,exp_5.00e-01_coeff_9.85e+01_radius_4.89e-02,0.3999999996646973,0.3999999999417876,,0.4,2.4622892463288e-07,99299.89104539256
0,1994,55.94232649437131,0.13577999999999998,0.5,exp_5.00e-01_coeff_6.38e-01_radius_5.59e+01,0.03759729651165011,0.004842451972950856,,0.0172,7700.322664814987,0.003632466386765068
0,2000,0.11419405308949136,10.113999999999999,0.5,exp_5.00e-01_coeff_1.13e-01_radius_1.14e-01,0.3967886916131602,0.3994475110776925,,0.39876999999999996,1.0195175934222158,0.05600396394640727
0,2000,0.2110307293912331,508.29,0.5,exp_5.00e-01_coeff_1.47e+00_radius_2.11e-01,0.3998814099320845,0.3999795250930864,,0.39995,0.020552670817438633,5.1339003885610985
0,2000,1.1735387653270042,132.71,0.5,exp_5.00e-01_coeff_3.39e+00_radius_1.17e+00,0.3975207451466527,0.399614975256269,,0.39909,0.12007158565273422,4.886829631454446
0,2000,1.6151654282641672,6753.4,0.5,exp_5.00e-01_coeff_2.91e+01_radius_1.62e+00,0.3999331441742796,0.3999900234001164,,0.39998,0.0030906288098623736,261.300454960829
0,2000,0.09501632346659812,131.76,0.5,exp_5.00e-01_coeff_3.40e-01_radius_9.50e-02,0.3997938945937316,0.3999642691590777,,0.39992,0.07814363736730154,0.6079594364157203
0,20000,1000.0,2.1216,0.5,exp_5.00e-01_coeff_1.12e+01_radius_1.00e+03,0.1744236708853838,0.20859028871538496,,0.19655,7905.694150420948,0.06324555320336758
0,2000,6.264704614486772,0.021481,0.5,exp_5.00e-01_coeff_3.46e-02_radius_6.26e+00,0.005732638522342182,0.00011540342162841277,,0.007037899999999999,32693.477013727017,9.580970252653777e-05
0,2000,864.3855135971294,81.585,0.5,exp_5.00e-01_coeff_1.20e+00_radius_8.64e+02,0.017313109801372906,0.00029528070516093846,,0.0024920000000000003,521660.3604541701,0.0008284945331523508
0,4000,200.0,0.1926,0.5,exp_5.00e-01_coeff_1.58e+00_radius_2.00e+02,0.050303308970163,0.008961481319142983,,0.024603,15924.286822139888,0.006279716078773951
0,2000,0.010038557331161452,502330000.0,0.5,exp_5.00e-01_coeff_9.25e+01_radius_1.00e-02,0.3999999999966777,0.3999999999994368,,0.4,1.1767780819034431e-08,426527.2053216715
0,19999,316.22776601683796,0.048338,0.5,exp_5.00e-01_coeff_5.62e-01_radius_3.16e+02,0.013266189134672923,0.0006017417887359544,,0.0019114000000000002,316227.766016838,0.0004999999999999999
0,2000,0.002112925411275983,4101600.0,0.5,exp_5.00e-01_coeff_4.54e+01_radius_2.11e-03,0.3999999999998065,0.3999999999999856,,0.4,2.163334044952257e-09,488349.3180829162
0,2000,6.316837377498266,5.1074,0.5,exp_5.00e-01_coeff_1.27e+00_radius_6.32e+00,0.2387024098077976,0.3647617267717689,,0.31961,24.591878097175783,0.12843340700813968
0,2000,0.054207856013406115,80505000.0,0.5,exp_5.00e-01_coeff_1.58e+02_radius_5.42e-02,0.3999999998233159,0.399999999969334,,0.4,1.170535629876635e-07,231551.49928720747
0,2000,0.22716579944277251,2.175,0.5,exp_5.00e-01_coeff_1.04e-01_radius_2.27e-01,0.3715135664403068,0.39538688662761606,,0.38933,4.805585925142782,0.023635598549413415
0,2000,0.19849962667189008,1726.7,0.5,exp_5.00e-01_coeff_2.55e+00_radius_1.98e-01,0.3999671514916504,0.39999432397255,,0.39999,0.006038308880438751,16.436690355054086
0,2000,26.588158523443873,704.22,0.5,exp_5.00e-01_coeff_1.32e+01_radius_2.66e+01,0.3897617774968155,0.39813319537043057,,0.3959,4.0732478001335455,3.263754113188517
0,2000,0.18163896988964673,5794.9,0.5,exp_5.00e-01_coeff_4.29e+00_radius_1.82e-01,0.3999910412568246,0.3999984506988403,,0.4,0.001794700274920107,50.60426312625727
0,4000,10.0,0.45707,0.5,exp_5.00e-01_coeff_6.31e-01_radius_1.00e+01,0.09422244733146523,0.0701193824240447,,0.11656,251.188643150958,0.019905358527674864
0,2000,55.823374667600845,36701.0,0.5,exp_5.00e-01_coeff_9.48e+01_radius_5.58e+01,0.3995756474958845,0.39992182662860987,,0.39983,0.3464373697980926,80.56777289952194
0,4000,200.0,0.085663,0.5,exp_5.00e-01_coeff_3.16e-01_radius_2.00e+02,0.009332758474822844,0.00018554607707410573,,0.0010644,399999.99999999994,0.00025000000000000006
0,2000,0.0009837887669741701,1336500.0,0.5,exp_5.00e-01_coeff_3.73e-01_radius_9.84e-04,0.3999999998095721,0.39999999996693897,,0.4,6.94266876686116e-06,70.85090762719402
0,2000,0.44176618864654077,436890.0,0.5,exp_5.00e-01_coeff_8.77e+01_radius_4.42e-01,0.39999971177025373,0.3999999510595791,,0.4,2.5379845031383137e-05,8703.090741891454
0,2000,5.451460042980822,105400.0,0.5,exp_5.00e-01_coeff_1.56e+02_radius_5.45e+00,0.3999858147906701,0.3999979337756008,,0.39999,0.001213605355551708,2245.977252013104
0,2000,6.638913390396194,11812.0,0.5,exp_5.00e-01_coeff_5.30e+01_radius_6.64e+00,0.39984596197402655,0.3999770379612306,,0.39994,0.01567306686771931,211.7936918928703
0,2000,14.036259061673794,0.0084962,0.5,exp_5.00e-01_coeff_1.80e-02_radius_1.40e+01,0.0019803026112593662,1.0813408057641638e-05,,0.0011453,611110.7399342725,1.1484218934839415e-05
0,2000,2.9405671717624724,1115.7,0.5,exp_5.00e-01_coeff_1.47e+01_radius_2.94e+00,0.3992725143752155,0.39989711186708976,,0.39974,0.03999696299091953,36.75988064931413
0,2000,0.9933174684451269,9181.3,0.5,exp_5.00e-01_coeff_2.51e+01_radius_9.93e-01,0.39996945717277205,0.3999951351870822,,0.39999,0.0015642502771343787,317.5059269495002
0,2000,26.160034339824502,3376.8,0.5,exp_5.00e-01_coeff_2.88e+01_radius_2.62e+01,0.39785390892095307,0.39961975357393303,,0.39915,0.82587019051308,15.83786086501822
0,2000,0.02221118703812938,243980000.0,0.5,exp_5.00e-01_coeff_1.72e+02_radius_2.22e-02,0.39999999998975977,0.3999999999982199,,0.4,1.6664637715354046e-08,666416.7387708942
0,4000,10.0,0.0058839,0.5,exp_5.00e-01_coeff_1.00e-02_radius_1.00e+01,0.0013021724701596238,5.628749582098358e-06,,0.00099041,1000000.0,5e-06
0,2000,33.23059542334285,384.75,0.5,exp_5.00e-01_coeff_9.78e+00_radius_3.32e+01,0.3773761504504101,0.3956000411238456,,0.39065,11.553488507081806,1.4381195516390517
0,1998,327.4703661853192,0.38008000000000003,0.5,exp_5.00e-01_coeff_2.64e+00_radius_3.27e+02,0.06719494364296075,0.016483053845780082,,0.041003,15418.817727461437,0.010619178849299301
0,2000,0.009421900198335765,576120.0,0.5,exp_5.00e-01_coeff_2.24e+00_radius_9.42e-03,0.3999999953394188,0.3999999991907476,,0.4,1.774509986352987e-05,265.4789285717086
0,2000,178.26638327334453,0.25158,0.5,exp_5.00e-01_coeff_3.91e-01_radius_1.78e+02,0.012347578386640136,0.0002447603060158343,,0.0017785999999999998,207507.85546160984,0.0004295412886340702
0,2000,0.01045034145669472,124680.0,0.5,exp_5.00e-01_coeff_1.15e+00_radius_1.05e-02,0.3999999760204656,0.3999999958362129,,0.4,8.231772349424632e-05,63.47564663535161
0,2000,14.569094090462048,0.08802,0.5,exp_5.00e-01_coeff_2.16e-01_radius_1.46e+01,0.024424408013318244,0.0020324880206545877,,0.016468,4538.2836634962105,0.0016051325975554253
0,2000,60.04449347127345,1.5546,0.5,exp_5.00e-01_coeff_2.49e+00_radius_6.00e+01,0.15807787497134573,0.17359512637685393,,0.178,582.2164359898751,0.051565440066276
0,2000,40.35551205159295,21.288,0.5,exp_5.00e-01_coeff_3.15e+00_radius_4.04e+01,0.2354895948600657,0.3171534786902367,,0.2946,163.6765909322563,0.12327820313747737
0,2000,6.640816326745132,0.006093100000000001,0.5,exp_5.00e-01_coeff_9.93e-03_radius_6.64e+00,0.0015078494817798438,8.222327874896074e-06,,0.0018477999999999997,447575.5355780915,7.418654281637411e-06
0,20000,1000.0,0.060726999999999996,0.5,exp_5.00e-01_coeff_1.00e+00_radius_1.00e+03,0.013266388268913798,0.0004816428865755951,,0.0016039000000000001,1000000.0,0.0005
0,2000,1.1038298698767748,5.8854,0.5,exp_5.00e-01_coeff_6.90e-01_radius_1.10e+00,0.3513297957971713,0.3928970412915616,,0.38240999999999997,2.555741169440613,0.21595102882002234
0,2000,13.256374517922325,0.022028,0.5,exp_5.00e-01_coeff_8.05e-03_radius_1.33e+01,0.000937558507129399,1.1270104793847937e-06,,0.00070014,2712986.2352817385,2.443133390344252e-06
0,4000,200.0,21.147,0.5,exp_5.00e-01_coeff_6.31e-02_radius_2.00e+02,0.0018345343731906996,2.1791668736170775e-07,,0.00030779,10047545.726038318,9.952679263837434e-06
0,2000,64.30790522808894,6.5439,0.5,exp_5.00e-01_coeff_3.22e+00_radius_6.43e+01,0.1965413563321199,0.2431122613578208,,0.24055,398.5855048801106,0.08067015037015951
0,2000,0.0022793556952356094,12077000.0,0.5,exp_5.00e-01_coeff_2.90e+02_radius_2.28e-03,0.4,0.3999999999999755,,0.4,6.179024616547285e-11,18444300.16617467
0,2000,0.046492537295538705,68.498,0.5,exp_5.00e-01_coeff_1.20e-01_radius_4.65e-02,0.3998059631478842,0.3999663318874375,,0.39993,0.14989986403929204,0.15507865064958296
0,2000,0.0024608799494385465,19752.0,0.5,exp_5.00e-01_coeff_1.08e-01_radius_2.46e-03,0.3999999643590777,0.3999999938112703,,0.4,0.0005195436289373727,2.3683092356187743
0,2000,52.669560416663906,31555.0,0.5,exp_5.00e-01_coeff_8.80e+01_radius_5.27e+01,0.39953453853530696,0.39991443714198016,,0.39981,0.3585890896624993,73.43999292649423
0,2000,18.228427409014795,31.584,0.5,exp_5.00e-01_coeff_3.04e+00_radius_1.82e+01,0.2974620804629454,0.37387846419565307,,0.34967,35.94931732641876,0.2535295349769956
0,2000,46.21108269907225,0.39776,0.5,exp_5.00e-01_coeff_1.31e+00_radius_4.62e+01,0.09113163026753056,0.03428965112974492,,0.07796900000000001,1249.4524433059664,0.018492533648099826
0,20000,316.22776601683796,0.4171,0.5,exp_5.00e-01_coeff_3.56e+00_radius_3.16e+02,0.09467437272661527,0.038931279530676766,,0.075974,7905.694150420951,0.019999999999999997
0,2000,0.26336284552321426,10243.0,0.5,exp_5.00e-01_coeff_8.20e+00_radius_2.63e-01,0.3999926564599502,0.3999987355067903,,0.4,0.0010303969453850225,127.7967906944857
0,4000,10.0,0.047889,0.5,exp_5.00e-01_coeff_1.00e-01_radius_1.00e+01,0.01329827956034979,0.0006128253350239365,,0.010883,10000.0,0.0005
0,2000,0.38512904931868314,21327000.0,0.5,exp_5.00e-01_coeff_5.38e+02_radius_3.85e-01,0.3999999948310177,0.3999999991178732,,0.4,5.123850758143598e-07,375819.9326030113
0,2000,57.94421762674719,8640.0,0.5,exp_5.00e-01_coeff_4.60e+01_radius_5.79e+01,0.39813613899350986,0.39965432989511385,,0.39925,1.5841256621092281,18.289021828481633
0,2000,0.8742085295344718,26.19,0.5,exp_5.00e-01_coeff_1.22e+00_radius_8.74e-01,0.3906972946902229,0.3985223439621153,,0.39654,0.512216368774767,0.8533586418036564
0,2000,137.81812606782313,665.1,0.5,exp_5.00e-01_coeff_3.32e-02_radius_1.38e+02,0.001166547452565836,2.7108776778916877e-08,,0.00060094,17199817.864285614,4.006383298802081e-06
0,2000,0.004533451624124478,5390600.0,0.5,exp_5.00e-01_coeff_1.55e+02_radius_4.53e-03,0.39999999999978575,0.3999999999999828,,0.4,8.547585364089289e-10,2651890.2304098243
0,2000,13.697567693550516,115960.0,0.5,exp_5.00e-01_coeff_1.68e+02_radius_1.37e+01,0.3999673086526115,0.3999946325152604,,0.39999,0.006611341256363656,1035.9144356953373
0,2000,1.446169293763337,0.36476,0.5,exp_5.00e-01_coeff_1.97e-01_radius_1.45e+00,0.05314504445172119,0.3403611478144759,,0.23459000000000002,53.723754514055045,0.013459309637275952
0,2000,0.22069279320700058,11869.0,0.5,exp_5.00e-01_coeff_7.43e+00_radius_2.21e-01,0.3999946884536223,0.39999908315791777,,0.4,0.0008816459434241497,125.15953532881386
0,2000,26.77029091028959,306020.0,0.5,exp_5.00e-01_coeff_2.74e+02_radius_2.68e+01,0.3999756298364852,0.3999957037538292,,0.39999,0.009553742877199609,1401.0368111422574
0,19997,999.9999999999999,0.18778,0.5,exp_5.00e-01_coeff_3.56e+00_radius_1.00e+03,0.05036890727655363,0.008535532412672131,,0.023617,79056.94150420948,0.006324555320336759
0,5000,262.2236722163193,0.14844000000000002,0.5,exp_5.00e-01_coeff_2.93e-01_radius_2.62e+02,0.007518296138192437,8.889978575088442e-05,,0.00067126,801248.1096011458,0.00016363450289252595
0,20000,100.0,0.097581,0.5,exp_5.00e-01_coeff_6.32e-01_radius_1.00e+02,0.02724316256719184,0.0026114072746983297,,0.0087321,24999.999999999996,0.0020000000000000005
0,2000,87.52588997436106,0.11905999999999999,0.5,exp_5.00e-01_coeff_1.44e-01_radius_8.75e+01,0.006425748805861331,6.51297938173423e-05,,0.00098986,367548.1960330277,0.0001190672283513208
0,4000,10.0,12.818,0.5,exp_5.00e-01_coeff_2.00e+00_radius_1.00e+01,0.2778960767482631,0.3719809708134306,,0.34065,25.118864315095802,0.19905358527674863
0,2000,0.009927284590850129,3680.0,0.5,exp_5.00e-01_coeff_1.88e-01_radius_9.93e-03,0.3999992284548941,0.3999998660297612,,0.4,0.0027881270631016594,1.7802783671929383
0,2000,12.109994733894835,365.28,0.5,exp_5.00e-01_coeff_9.48e+00_radius_1.21e+01,0.3910677852510331,0.3985249213601295,,0.39654,1.6310893140363678,3.712241454125799
0,2000,3.390931980590315,32751.0,0.5,exp_5.00e-01_coeff_8.21e+01_radius_3.39e+00,0.3999714491829349,0.39999596509577295,,0.39999,0.0017053931091884245,994.1789849860533
0,2000,11.677627668314583,383290.0,0.5,exp_5.00e-01_coeff_3.06e+02_radius_1.17e+01,0.3999915900780864,0.3999986478190798,,0.4,0.0014560221767672319,4010.1132574237695
0,2000,0.1016921036270649,71925000.0,0.5,exp_5.00e-01_coeff_2.72e+02_radius_1.02e-01,0.3999999996066447,0.3999999999317773,,0.4,1.3937920150445657e-07,364803.72440580156
0,2000,0.4725889367614169,1055.9,0.5,exp_5.00e-01_coeff_4.59e+00_radius_4.73e-01,0.3998724950059217,0.39997842005907497,,0.39995,0.010614131555556468,22.262251710740195
0,2000,8.45064529627132,0.14958,0.5,exp_5.00e-01_coeff_2.66e-01_radius_8.45e+00,0.04044828654338495,0.005751331369989621,,0.043641,1010.3093201005386,0.004182206938084256
0,2000,24.770812222403723,1037900.0,0.5,exp_5.00e-01_coeff_5.04e+02_radius_2.48e+01,0.3999933505981675,0.39999883552880666,,0.4,0.0024131072236080746,5132.555234194368
0,2000,0.004291010202264913,42944000.0,0.5,exp_5.00e-01_coeff_5.20e+01_radius_4.29e-03,0.3999999999993935,0.3999999999997862,,0.4,6.801938571244384e-09,315425.5332741039
0,2000,14.464925116329217,0.042926,0.5,exp_5.00e-01_coeff_1.07e-01_radius_1.45e+01,0.011847882164124579,0.0004811805251450085,,0.0070259,18283.808657397807,0.00039556651973812274
0,2000,1.1086422769209605,27586.0,0.5,exp_5.00e-01_coeff_4.70e+01_radius_1.11e+00,0.39998867527737797,0.3999982208897532,,0.4,0.0005564301228664903,996.2097946905795
0,2000,0.0040662779297781235,54.471000000000004,0.5,exp_5.00e-01_coeff_9.37e-03_radius_4.07e-03,0.399978650280652,0.3999962930038435,,0.39999,0.18835407691766476,0.010794239223066077
0,2000,0.022255665687338628,127280000.0,0.5,exp_5.00e-01_coeff_8.57e+01_radius_2.23e-02,0.3999999999581911,0.3999999999927364,,0.4,6.743024999990105e-08,165027.3110908775
0,2000,57.17956144739027,294.71,0.5,exp_5.00e-01_coeff_8.64e+00_radius_5.72e+01,0.35302667403264143,0.38947470808273066,,0.37924,43.75934601831217,0.6533411333828216
0,2000,1.2990288151906968,199.47,0.5,exp_5.00e-01_coeff_4.43e+00_radius_1.30e+00,0.3981762594418605,0.3997203132647722,,0.39933,0.08614774429740232,7.539540505588533
0,20000,1000.0,408760.0,0.5,exp_5.00e-01_coeff_3.16e+02_radius_1.00e+03,0.3993119885403834,0.3998688289909537,,0.39971999999999996,9.999999999999998,50.00000000000001
0,2000,177.27598584685416,0.50648,0.5,exp_5.00e-01_coeff_2.93e+00_radius_1.77e+02,0.10574578738110874,0.04957223021045387,,0.091325,3656.7253889004983,0.024239718189524397
0,2000,0.05120479192669119,0.42268999999999995,0.5,exp_5.00e-01_coeff_1.04e-02_radius_5.12e-02,0.36716745917083504,0.3947060158598504,,0.38772,24.24204221838649,0.0010561154762748221
0,2000,1.5934786169093518,64608.0,0.5,exp_5.00e-01_coeff_8.92e+01_radius_1.59e+00,0.3999931013074161,0.3999989685882485,,0.4,0.000318859555838842,2498.715481048226
0,2000,0.43416355936635037,167010.0,0.5,exp_5.00e-01_coeff_5.33e+01_radius_4.34e-01,0.399999258852098,0.3999998740666007,,0.4,6.622880715215192e-05,3277.754636052232
0,4000,10.0,1.5361,0.5,exp_5.00e-01_coeff_1.00e+00_radius_1.00e+01,0.1546195479931719,0.2578795273570501,,0.21475,100.0,0.05
0,2000,0.232684410593545,70626000.0,0.5,exp_5.00e-01_coeff_6.02e+02_radius_2.33e-01,0.399999999053872,0.3999999998367895,,0.4,1.492937184158736e-07,779283.9948743781
0,2000,0.05003074926422245,2435900000.0,0.5,exp_5.00e-01_coeff_1.02e+03_radius_5.00e-02,0.3999999999966046,0.39999999999942826,,0.4,2.4019922268590497e-09,10414427.803882789
0,2000,57.41051525835866,0.048102,0.5,exp_5.00e-01_coeff_2.10e-01_radius_5.74e+01,0.011674444512129624,0.00042107671652813483,,0.0027454000000000003,74580.47935332646,0.0003848896906814934
0,2000,3.4343314661618924,4.0245,0.5,exp_5.00e-01_coeff_9.74e-01_radius_3.43e+00,0.2489371574546947,0.37626862033386577,,0.33801,12.424961459205338,0.13820290217550266
0,2000,0.005035731971727196,12723000.0,0.5,exp_5.00e-01_coeff_2.89e+02_radius_5.04e-03,0.399999999999901,0.3999999999999984,,0.4,3.041151540570711e-10,8279317.726439533
0,2000,558.4594603963438,3921.5,0.5,exp_5.00e-01_coeff_3.13e+01_radius_5.58e+02,0.3640853978111431,0.3920285997645886,,0.38431,317.6340448866157,0.8790925742794581
0,1998,26.38185404524924,0.11085999999999999,0.5,exp_5.00e-01_coeff_3.64e-01_radius_2.64e+01,0.03090636884141473,0.0032630598067494576,,0.016405,5252.055113388214,0.0025115743719061755
0,20000,316.22776601683796,426.84,0.5,exp_5.00e-01_coeff_1.12e+01_radius_3.16e+02,0.2778303873103696,0.3537773824603725,,0.33127,790.5694150420949,0.2
0,2000,0.002101731677422182,8490.1,0.5,exp_5.00e-01_coeff_6.05e-02_radius_2.10e-03,0.3999999292010877,0.3999999877063841,,0.4,0.0012084057939969937,0.8696299239307566
0,2000,60.39014156730265,0.13439,0.5,exp_5.00e-01_coeff_6.91e-02_radius_6.04e+01,0.003685450862950579,1.5344706941866626e-05,,0.00074701,762855.7064320588,3.958162799210908e-05
0,2000,55.94452980424647,3700.2,0.5,exp_5.00e-01_coeff_3.01e+01_radius_5.59e+01,0.3958242394889144,0.3992199138219036,,0.39832,3.443426357706144,8.123381189646555
0,2000,0.1117617049103592,0.89054,0.5,exp_5.00e-01_coeff_3.29e-02_radius_1.12e-01,0.36605199976436104,0.394544181334918,,0.38732,11.552373048683478,0.004837175203716941
0,2000,26.403606857237833,260.98,0.5,exp_5.00e-01_coeff_8.07e+00_radius_2.64e+01,0.3738445864049492,0.3949533388361189,,0.38918,10.709085940670674,1.2327665966785708
0,2000,0.004668743013196554,133.04,0.5,exp_5.00e-01_coeff_1.68e-02_radius_4.67e-03,0.3999899632445878,0.39999825725111016,,0.4,0.0771199494233328,0.030269359926369553
0,2000,0.008805018057239815,500.41,0.5,exp_5.00e-01_coeff_6.15e-02_radius_8.81e-03,0.3999949675545769,0.3999991261784308,,0.4,0.020503565460141836,0.21471919297052117
0,2000,0.5312635680521745,1.6178,0.5,exp_5.00e-01_coeff_2.01e-01_radius_5.31e-01,0.3186289238841927,0.3882271928905383,,0.37067,6.987302157207964,0.03801635853861947
0,2000,7.285896259032173,41.983000000000004,0.5,exp_5.00e-01_coeff_3.24e+00_radius_7.29e+00,0.3580638792453391,0.3931799726614259,,0.38345999999999997,5.052981122057784,0.7209502749997463
0,5000,389.79268961861396,0.085624,0.5,exp_5.00e-01_coeff_8.03e-01_radius_3.90e+02,0.01723724427093154,0.0007497005638227304,,0.0029031,235404.79590339717,0.0008279200262737485
0,2000,76.64271914893847,0.067886,0.5,exp_5.00e-01_coeff_3.57e-01_radius_7.66e+01,0.017362061675372797,0.0009514635476116641,,0.0042626,46007.09535279459,0.0008329445551954736
0,2000,0.0021507131112564813,60537000.0,0.5,exp_5.00e-01_coeff_1.47e+01_radius_2.15e-03,0.39999999999869895,0.3999999999997742,,0.4,2.1333655594172268e-08,50406.577104488206
0,2000,13.510705423319344,0.044374000000000004,0.5,exp_5.00e-01_coeff_1.05e-01_radius_1.35e+01,0.01208049181283477,0.0004999603346098613,,0.0080275,16442.599570811766,0.0004108445676468032
0,2000,905.5168228516061,3396.7,0.5,exp_5.00e-01_coeff_2.96e+01_radius_9.06e+02,0.3387183760419949,0.3844752322440325,,0.37139,938.9102551506426,0.48221692003264
0,2000,1.9652846207738353,10.612,0.5,exp_5.00e-01_coeff_1.28e+00_radius_1.97e+00,0.3527136912385264,0.3933681115219574,,0.38306,2.3730452189338327,0.41408494981330424
0,2000,0.01073867876081194,7.8562,0.5,exp_5.00e-01_coeff_9.40e-03_radius_1.07e-02,0.3996093483339492,0.3999322312288436,,0.39985,1.305821084040399,0.004111849200498784
0,2000,0.04758258398825294,1085000000.0,0.5,exp_5.00e-01_coeff_5.88e+02_radius_4.76e-02,0.399999999991283,0.3999999999985021,,0.4,6.555057874183635e-09,3629455.673888986
0,20000,316.22776601683796,1.2959,0.5,exp_5.00e-01_coeff_5.62e+00_radius_3.16e+02,0.15497371171885987,0.17805196678251256,,0.16642,3162.2776601683795,0.05
0,20000,1000.0,11817000.0,0.5,exp_5.00e-01_coeff_1.70e+03_radius_1.00e+03,0.3999761604614607,0.3999954667835317,,0.39999,0.34602076124567477,1444.9999999999998
0,20000,100.0,134.09,0.5,exp_5.00e-01_coeff_6.32e+00_radius_1.00e+02,0.27783517313328154,0.3550365428617408,,0.33208000000000004,250.0,0.2
0,2000,0.22297982267174632,616140.0,0.5,exp_5.00e-01_coeff_5.41e+01_radius_2.23e-01,0.3999998965651769,0.3999999821477277,,0.4,1.699989893098617e-05,6558.269069038846
0,2000,0.022639625262871475,364140000.0,0.5,exp_5.00e-01_coeff_6.13e+02_radius_2.26e-02,0.3999999999991357,0.3999999999997749,,0.4,1.3651699685019823e-09,8291870.530859323
0,2000,0.09174005761402448,249640000.0,0.5,exp_5.00e-01_coeff_4.68e+02_radius_9.17e-02,0.3999999999022137,0.3999999999830496,,0.4,3.8369926403431643e-08,1195468.2509609875
0,15000,1011.6469207620323,6.06,0.5,exp_5.00e-01_coeff_2.82e-01_radius_1.01e+03,0.003648415312525022,2.8095990433074647e-06,,0.00012783,12877779.833601058,3.9278778401010375e-05
0,2000,0.0574085213996628,669770.0,0.5,exp_5.00e-01_coeff_1.47e+01_radius_5.74e-02,0.3999999754708479,0.3999999957424675,,0.4,1.5349394088851045e-05,1870.0582272938445
0,2000,0.2605964200741792,0.038043,0.5,exp_5.00e-01_coeff_1.15e-02_radius_2.61e-01,0.002216744858360098,0.3129038620768291,,0.18131,512.9319460495927,0.00025402631097672313
0,2000,14.07712328419354,1477700.0,0.5,exp_5.00e-01_coeff_6.01e+02_radius_1.41e+01,0.3999973626520701,0.399999565512598,,0.4,0.0005477855605351587,12849.118613532733
0,2000,5.937095156280664,63.613,0.5,exp_5.00e-01_coeff_3.91e+00_radius_5.94e+00,0.3760063449572391,0.39636063501366414,,0.39095,2.3083967899925275,1.285978039395013
0,2000,1.5483813670613307,34.059,0.5,exp_5.00e-01_coeff_2.02e+00_radius_1.55e+00,0.3875429003395665,0.398159313933138,,0.39549,0.5847027875461444,1.3240755816810035
0,2000,25.513674218566592,0.8802399999999999,0.5,exp_5.00e-01_coeff_1.36e+00_radius_2.55e+01,0.13164964298194592,0.08753310767139942,,0.1476,350.68494138032554,0.03637691729525456
0,2000,0.004777743571039663,26401000.0,0.5,exp_5.00e-01_coeff_7.13e+00_radius_4.78e-03,0.3999999999401457,0.3999999999896142,,0.4,4.4924524636485906e-07,5317.522677979958
0,2000,3.1394732514245978,140120.0,0.5,exp_5.00e-01_coeff_1.67e+02_radius_3.14e+00,0.39999381203173856,0.3999991256269311,,0.4,0.0003526290262340086,4451.524148413704
0,2000,2.853100852453314,0.0095382,0.5,exp_5.00e-01_coeff_1.04e-02_radius_2.85e+00,0.0018374142701242933,2.274352416675729e-05,,0.0068642,75362.46017934906,1.892919130866647e-05
0,4000,10.0,408.61,0.5,exp_5.00e-01_coeff_1.00e+01_radius_1.00e+01,0.39335746947441774,0.3989394120528621,,0.39747,1.0,5.0
0,2000,3.2492461496144656,0.090974,0.5,exp_5.00e-01_coeff_1.03e-01_radius_3.25e+00,0.022254650527837816,0.008574499491315168,,0.053438,996.9388690843389,0.0016296115290392928
0,2000,1.1434583690856719,1357.3,0.5,exp_5.00e-01_coeff_1.06e+01_radius_1.14e+00,0.39976285966229175,0.39996291010729457,,0.39991,0.011540717659398035,49.54017604591996
0,2000,0.498047948252515,0.021830000000000002,0.5,exp_5.00e-01_coeff_9.76e-03_radius_4.98e-01,0.0011333323842771525,0.06953900284533321,,0.074659,2603.3371157033466,9.56556769479232e-05
0,2000,0.32159304388129545,64.27199999999999,0.5,exp_5.00e-01_coeff_7.88e-01_radius_3.22e-01,0.3985749256226697,0.3997563790765524,,0.39946,0.16644553834337508,0.9660608721690485
0,2000,0.01979419711632989,16585000.0,0.5,exp_5.00e-01_coeff_2.56e+01_radius_1.98e-02,0.39999999966974376,0.3999999999426619,,0.4,5.986029893970193e-07,16533.660428482697
0,2000,1.5204646938421236,1005700.0,0.5,exp_5.00e-01_coeff_3.44e+02_radius_1.52e+00,0.3999995767652321,0.3999999363169907,,0.4,1.9581415987534015e-05,38824.17632131626
0,2000,0.9690751309881611,3594000.0,0.5,exp_5.00e-01_coeff_4.88e+02_radius_9.69e-01,0.3999999238044867,0.39999998782706814,,0.4,3.944033711394103e-06,122853.30221551539
0,5000,263.42316832396006,6.3094,0.5,exp_5.00e-01_coeff_1.05e-01_radius_2.63e+02,0.002657634528499653,1.012186349624855e-06,,0.00026283,6317365.3453485975,2.0849132029218118e-05
0,2000,12.832815573903593,0.015028999999999999,0.5,exp_5.00e-01_coeff_3.45e-02_radius_1.28e+01,0.0040028272579463176,5.3512433174085494e-05,,0.0024954,137987.7193511071,4.649984663218739e-05
0,2000,0.9393332452618911,0.045801999999999995,0.5,exp_5.00e-01_coeff_2.78e-02_radius_9.39e-01,0.004400354047499167,0.09631603848930714,,0.081876,1139.0138789264959,0.0004123449514711792
0,2000,0.10242924743948728,1563.9,0.5,exp_5.00e-01_coeff_1.26e+00_radius_1.02e-01,0.3999812752962517,0.3999967529782504,,0.39999,0.006587856816664907,7.774094845259701
0,2000,0.484408038434532,27.241,0.5,exp_5.00e-01_coeff_7.54e-01_radius_4.84e-01,0.3949745210549834,0.3991595516829488,,0.3981,0.41286282565947574,0.5866452588226796
0,4000,10.0,0.0053493,0.5,exp_5.00e-01_coeff_3.16e-03_radius_1.00e+01,0.00019833714908423783,3.0196500855339536e-07,,0.00038058,9999999.999999998,5.000000000000001e-07
0,4000,10.0,0.30571,0.5,exp_5.00e-01_coeff_5.01e-01_radius_1.00e+01,0.07316060311023909,0.026765562763122364,,0.08382,398.1071705534973,0.012559432157547899
0,2000,0.0010217460164122856,202200.0,0.5,exp_5.00e-01_coeff_1.44e-01_radius_1.02e-03,0.3999999985561671,0.3999999997492909,,0.4,5.069138199254035e-05,10.078103774746602
0,2000,5.525982072151029,0.037975,0.5,exp_5.00e-01_coeff_5.86e-02_radius_5.53e+00,0.010388753930660187,0.00037612563678524063,,0.014558000000000001,8893.528604219702,0.0003106743295079257
0,2000,0.10524797468844974,675250.0,0.5,exp_5.00e-01_coeff_2.69e+01_radius_1.05e-01,0.3999999554655373,0.399999992277551,,0.4,1.5252234177890657e-05,3450.2477952054774
0,2000,13.6146672525437,13.895,0.5,exp_5.00e-01_coeff_2.17e+00_radius_1.36e+01,0.2663554363317091,0.3631845620865176,,0.32989,39.217966421781476,0.17357691505623526
0,5000,645.5643609825134,20.408,0.5,exp_5.00e-01_coeff_3.69e-01_radius_6.46e+02,0.006017787711992351,1.1262165570347095e-05,,0.0003773,3060433.22767429,0.00010546944059176486
0,2000,0.10910142638455374,48572.0,0.5,exp_5.00e-01_coeff_7.49e+00_radius_1.09e-01,0.39999935786873786,0.3999998886635321,,0.4,0.00021222662153145316,257.0399170407194
0,2000,1.153181204162645,0.5274,0.5,exp_5.00e-01_coeff_2.14e-01_radius_1.15e+00,0.10398403957253756,0.3603930554597188,,0.28496,28.990597351785112,0.019888883112159073
0,4000,10.0,38.291,0.5,exp_5.00e-01_coeff_3.16e+00_radius_1.00e+01,0.3410186400873261,0.3892388570967512,,0.37533,9.999999999999998,0.5000000000000001
0,2000,0.002420184953828011,49543000.0,0.5,exp_5.00e-01_coeff_8.71e+00_radius_2.42e-03,0.3999999999948015,0.39999999999910185,,0.4,7.722938278998088e-08,15668.809372784386
0,2000,0.011959582679837728,79.40899999999999,0.5,exp_5.00e-01_coeff_3.33e-02_radius_1.20e-02,0.3999569289516923,0.3999925219916979,,0.39998,0.12920750049816315,0.04628052796365234
0,2000,0.25540899358338515,184300.0,0.5,exp_5.00e-01_coeff_3.38e+01_radius_2.55e-01,0.3999996041583483,0.3999999318053923,,0.4,5.717157243572344e-05,2233.7062171110915
0,2000,0.09753967784651423,5620.6,0.5,exp_5.00e-01_coeff_2.28e+00_radius_9.75e-02,0.3999950384585689,0.3999991394948797,,0.4,0.0018322951389647658,26.616803093639017
0,2000,6.637426869460117,1520400.0,0.5,exp_5.00e-01_coeff_6.02e+02_radius_6.64e+00,0.3999988031348388,0.3999998216296261,,0.4,0.00012172113287958286,27264.891118070835
0,4000,10.0,41080.0,0.5,exp_5.00e-01_coeff_1.00e+02_radius_1.00e+01,0.3999327132958117,0.3999894072888657,,0.39997,0.010000000000000002,499.9999999999999
0,2000,56.46395396856435,0.036912,0.5,exp_5.00e-01_coeff_1.10e-01_radius_5.65e+01,0.006090247144182936,8.664688686310651e-05,,0.0012007,263682.5266115784,0.00010706806153245686
0,2000,0.10203962537846681,489.68,0.5,exp_5.00e-01_coeff_7.03e-01_radius_1.02e-01,0.3999404318692902,0.399989671290886,,0.39998,0.021038291199280926,2.4250929985690677
0,2000,3.7255102063563883,117.28,0.5,exp_5.00e-01_coeff_5.01e+00_radius_3.73e+00,0.3914110774817332,0.398780689159104,,0.39691,0.5529161001029801,3.368965206170082
0,19997,316.22776601683796,0.097427,0.5,exp_5.00e-01_coeff_1.12e+00_radius_3.16e+02,0.027244636307837574,0.0025730842554968487,,0.0075653000000000005,79056.9415042095,0.0019999999999999996
0,2000,44.35005149092273,0.21083000000000002,0.5,exp_5.00e-01_coeff_3.51e-02_radius_4.44e+01,0.002176147021404562,3.222595612362156e-06,,0.00065415,1597815.3745057618,1.3878340451142906e-05
0,2000,0.00513238930871714,85608000.0,0.5,exp_5.00e-01_coeff_2.55e+01_radius_5.13e-03,0.3999999999942203,0.3999999999990005,,0.4,4.0521041484219466e-08,63329.92836223003
0,2000,0.004611513012238327,66516.0,0.5,exp_5.00e-01_coeff_3.71e-01_radius_4.61e-03,0.3999999801409141,0.3999999965516464,,0.4,0.00015448372009265658,14.925563060859822
0,2000,0.16872096273966694,0.08531,0.5,exp_5.00e-01_coeff_1.50e-02_radius_1.69e-01,0.1051136380747454,0.3638422333953054,,0.29362,126.52453295088657,0.0006667519681940256
0,5000,204.35770982789597,101.59,0.5,exp_5.00e-01_coeff_3.38e-02_radius_2.04e+02,0.0009691609212438834,1.905074387131833e-08,,0.00024129,36605671.18839667,2.7913394727300292e-06
0,2000,1.6209310983355587,8864800.0,0.5,exp_5.00e-01_coeff_1.05e+03_radius_1.62e+00,0.3999999488813876,0.39999999237480144,,0.4,2.363071074445074e-06,342971.2960953166
0,2000,12.637003205922007,10378.0,0.5,exp_5.00e-01_coeff_5.04e+01_radius_1.26e+01,0.39966372230901737,0.3999453194154536,,0.39987,0.06290235294694102,100.44936805926392
0,2000,0.043637436907864445,103860.0,0.5,exp_5.00e-01_coeff_4.39e+00_radius_4.36e-02,0.3999998798352299,0.3999999791393569,,0.4,9.886450119441283e-05,220.6931526516949
0,2000,8.784403190089245,0.005302899999999999,0.5,exp_5.00e-01_coeff_8.69e-03_radius_8.78e+00,0.0011933646511977927,4.003485405412732e-06,,0.0011085000000000001,1020835.4704699337,4.302555820305407e-06
0,2000,22.43845906223667,8383.8,0.5,exp_5.00e-01_coeff_4.53e+01_radius_2.24e+01,0.39925654412850775,0.39987067764645146,,0.39971,0.2449491776768519,45.80227473112506
0,2000,3.354691083563123,291.64,0.5,exp_5.00e-01_coeff_7.74e+00_radius_3.35e+00,0.3968474160719654,0.3995544604864572,,0.39887,0.1878375743596102,8.929765769708709
0,2000,156.30988425431732,25.8,0.5,exp_5.00e-01_coeff_9.23e-02_radius_1.56e+02,0.0030535762579171344,1.1323431184928623e-06,,0.0006245,2867698.6253045937,2.725354102328567e-05
0,2000,0.10437401254979493,26216000.0,0.5,exp_5.00e-01_coeff_1.67e+02_radius_1.04e-01,0.3999999988662336,0.3999999998033914,,0.4,3.9151393322655973e-07,133295.39984646754
0,2000,0.0023571638444999615,148.94,0.5,exp_5.00e-01_coeff_8.98e-03_radius_2.36e-03,0.3999954734312885,0.39999921400965854,,0.4,0.06888837909260304,0.01710857386651056
0,4000,200.0,0.27064,0.5,exp_5.00e-01_coeff_2.00e-01_radius_2.00e+02,0.005847752114622851,3.802950291287299e-05,,0.00053418,1004754.5726038319,9.952679263837432e-05
0,2000,0.0009377990248833965,7377200.0,0.5,exp_5.00e-01_coeff_2.28e+00_radius_9.38e-04,0.3999999999955853,0.3999999999992288,,0.4,1.686961590442254e-07,2779.5506139459376
0,2000,0.2199420604716383,5105700.0,0.5,exp_5.00e-01_coeff_1.54e+02_radius_2.20e-01,0.3999999876790906,0.39999999787314544,,0.4,2.0517788935034505e-06,53597.89526250637
0,2000,0.021629813860826463,108.4,0.5,exp_5.00e-01_coeff_7.03e-02_radius_2.16e-02,0.39994293952365934,0.3999900938750319,,0.39998,0.0946611202358093,0.11424866833893718
0,2000,0.0025570506577139206,16630000.0,0.5,exp_5.00e-01_coeff_2.54e+01_radius_2.56e-03,0.3999999999993019,0.3999999999998467,,0.4,1.0122475695115188e-08,126305.59631513261
0,2000,1.5313414933187615,0.15902,0.5,exp_5.00e-01_coeff_1.11e-01_radius_1.53e+00,0.02267319189225725,0.2672925305409002,,0.14623,189.8943256898696,0.004032088604426517
0,2000,17.005171185082105,299.85,0.5,exp_5.00e-01_coeff_8.62e+00_radius_1.70e+01,0.3849149157286874,0.3973417758869443,,0.39399,3.8937945272744394,2.183624619374216
0,2000,57.962562893029805,108.0,0.5,exp_5.00e-01_coeff_1.15e-02_radius_5.80e+01,0.0006256433261965232,4.13673184596064e-09,,0.00059994,25220698.263846144,1.1491070208813191e-06
0,20000,100.0,0.047848,0.5,exp_5.00e-01_coeff_3.16e-01_radius_1.00e+02,0.013265641788017368,0.0006163840194076675,,0.0025444,99999.99999999999,0.0005000000000000001
0,4000,10.0,0.16538,0.5,exp_5.00e-01_coeff_3.16e-01_radius_1.00e+01,0.044358965095290914,0.006981633926181896,,0.044182,1000.0,0.005
0,20000,100.0,1.3643,0.5,exp_5.00e-01_coeff_3.16e+00_radius_1.00e+02,0.15496749962311984,0.18461799130970635,,0.16997,1000.0,0.05
0,2000,26.50449550205117,0.21391,0.5,exp_5.00e-01_coeff_6.43e-01_radius_2.65e+01,0.05678906645433135,0.011721086535332879,,0.040723,1696.8704941310345,0.007809816834496876
0,2000,54.44232837259168,95442.0,0.5,exp_5.00e-01_coeff_1.53e+02_radius_5.44e+01,0.3998408274301691,0.3999707343755016,,0.39994,0.12666655955958692,214.90410950563765
0,2000,1.0112797286143707,0.052127,0.5,exp_5.00e-01_coeff_3.27e-02_radius_1.01e+00,0.00536726649132746,0.11141294435435244,,0.085796,954.8703773853151,0.000529537700909478
0,4000,199.99999999999997,0.07904,0.5,exp_5.00e-01_coeff_6.31e-01_radius_2.00e+02,0.018974073669598582,0.0011097155615672485,,0.0039755,100475.45726038319,0.0009952679263837431
0,2000,0.2270701127822562,27.185,0.5,exp_5.00e-01_coeff_3.66e-01_radius_2.27e-01,0.3976224937636875,0.39959202984314623,,0.39909,0.38539835990238547,0.29459143629953305
0,2000,12.425675604354675,41385.0,0.5,exp_5.00e-01_coeff_1.01e+02_radius_1.24e+01,0.3999170428402703,0.39998654896417496,,0.39997,0.015257247971782394,407.20566472195424
0,2000,64.47791120357188,381.97,0.5,exp_5.00e-01_coeff_9.81e+00_radius_6.45e+01,0.35832107630313914,0.39083718329652106,,0.38178,43.192120835293636,0.7464082563744469
0,2000,1.0905937421996217,2835.9,0.5,exp_5.00e-01_coeff_1.49e+01_radius_1.09e+00,0.3998915876933676,0.3999829350557397,,0.39996,0.005357091222867935,101.78973036189676
0,4000,10.0,0.098484,0.5,exp_5.00e-01_coeff_2.00e-01_radius_1.00e+01,0.02720749232707176,0.002564550146877398,,0.024426,2511.88643150958,0.0019905358527674867
0,2000,3.1485403883397436,335920.0,0.5,exp_5.00e-01_coeff_2.59e+02_radius_3.15e+00,0.39999741153287904,0.39999963425189977,,0.4,0.00014775567311851068,10654.549912998562
0,2000,55.79393542852075,2892.7,0.5,exp_5.00e-01_coeff_2.67e+01_radius_5.58e+01,0.39468520949000574,0.3990029799489481,,0.39786,4.3814857829910245,6.3670108944679695
0,4000,1.0,0.024544,0.5,exp_5.00e-01_coeff_1.58e-02_radius_1.00e+00,0.0024554476885751964,0.002698917900992193,,0.045063,3981.071705534973,0.000125594321575479
0,2000,54.53251529357041,283080.0,0.5,exp_5.00e-01_coeff_2.63e+02_radius_5.45e+01,0.3999461992290249,0.39999011130717577,,0.39998,0.042875096245694744,635.9462726459329
0,2000,0.2071173820128501,0.41039,0.5,exp_5.00e-01_coeff_4.12e-02_radius_2.07e-01,0.2826221596785964,0.3837184898645996,,0.35823,25.213791942180364,0.004107223984551917
0,2000,0.34878896536594295,0.023365,0.5,exp_5.00e-01_coeff_8.57e-03_radius_3.49e-01,0.0008457275675077812,0.1841301449285472,,0.10512,1657.854964505795,0.0001051928464290954
0,2000,0.10278782072106853,7375100.0,0.5,exp_5.00e-01_coeff_8.67e+01_radius_1.03e-01,0.3999999959880728,0.39999999930426394,,0.4,1.4065842912877217e-06,36538.09492887437
0,2000,26.169280661814508,0.016069,0.5,exp_5.00e-01_coeff_4.00e-02_radius_2.62e+01,0.003241846135970339,2.6920257769957878e-05,,0.0010859,427052.13315137365,3.063944496506999e-05
0,2000,0.5002759922360178,1135500.0,0.5,exp_5.00e-01_coeff_1.58e+02_radius_5.00e-01,0.3999998744871293,0.3999999788098032,,0.4,9.972122738816588e-06,25083.72617039141
0,2000,3.4800057606367267,9288.8,0.5,exp_5.00e-01_coeff_4.39e+01_radius_3.48e+00,0.3998967156958533,0.399985397693552,,0.39996,0.00627377203927561,277.34556968685615
0,1999,572.1707170036262,0.39053000000000004,0.5,exp_5.00e-01_coeff_3.07e+00_radius_5.72e+02,0.05849328139596111,0.011630146386922058,,0.031058999999999996,34721.55017868512,0.008239417797579652
0,2000,154.97474211554058,3091.8,0.5,exp_5.00e-01_coeff_2.76e+01_radius_1.55e+02,0.3864841975506328,0.39731358644409975,,0.39442,31.487057028539482,2.460927707138101
0,2000,0.31075251721739106,7.0438,0.5,exp_5.00e-01_coeff_2.53e-01_radius_3.11e-01,0.3876521166050325,0.3979389889325814,,0.39533,1.5129962135878727,0.10269441338537195
0,2000,0.2340716881240478,2.0097,0.5,exp_5.00e-01_coeff_1.03e-01_radius_2.34e-01,0.3683928659521445,0.39491631576638464,,0.38819000000000004,5.207057378078234,0.022476388402160888
0,4000,10.0,4106.9,0.5,exp_5.00e-01_coeff_3.16e+01_radius_1.00e+01,0.3993279184380153,0.3998940612480475,,0.39975,0.1,50.0
0,2000,97.14848777648425,8.0225,0.5,exp_5.00e-01_coeff_3.98e+00_radius_9.71e+01,0.19770913014612448,0.24797834739259594,,0.23947,594.4529840790501,0.08171250744664904
0,2000,1.026122495455695,12355000.0,0.5,exp_5.00e-01_coeff_9.43e+02_radius_1.03e+00,0.3999999765606653,0.3999999962812344,,0.4,1.1845522582673264e-06,433126.73134262115
0,2000,24.02798262634578,0.45483,0.5,exp_5.00e-01_coeff_9.67e-03_radius_2.40e+01,0.0008203696715622932,1.3890838890251445e-07,,0.00060961,6170403.116114672,1.9470350781129774e-06
0,2000,0.009404625008571687,84709000.0,0.5,exp_5.00e-01_coeff_2.55e+01_radius_9.40e-03,0.3999999999642239,0.3999999999937856,,0.4,1.364259016714417e-07,34467.88657193964
0,4000,200.0,0.5168699999999999,0.5,exp_5.00e-01_coeff_3.16e+00_radius_2.00e+02,0.10725137786922644,0.05333867207979115,,0.093821,4000.0,0.025
0,2000,15.261709235450558,54.114,0.5,exp_5.00e-01_coeff_3.78e+00_radius_1.53e+01,0.337316179220156,0.38723271797377795,,0.37259000000000003,16.32698691686361,0.4673767827818628
0,2000,0.5323738793070222,0.55835,0.5,exp_5.00e-01_coeff_1.19e-01_radius_5.32e-01,0.2108096826429372,0.3758452796001209,,0.33361,20.1110430533446,0.01323585947021492
0,2000,0.009660533888701757,51029.0,0.5,exp_5.00e-01_coeff_6.81e-01_radius_9.66e-03,0.3999999458636959,0.3999999905998003,,0.4,0.00020103320658242005,24.027209367376603
0,1994,29.39094371349095,0.10252,0.5,exp_5.00e-01_coeff_3.53e-01_radius_2.94e+01,0.028239809946225436,0.0027204479532150216,,0.013732,6942.769817673739,0.002116658371610738
0,2000,1.09753797948466,0.95688,0.5,exp_5.00e-01_coeff_2.82e-01_radius_1.10e+00,0.1900333946016345,0.3730782962765081,,0.32456999999999997,15.124855716672503,0.03628259336962854
0,2000,0.208416529548125,197520.0,0.5,exp_5.00e-01_coeff_2.87e+01_radius_2.08e-01,0.39999969852357903,0.3999999479278877,,0.4,5.286962421666244e-05,1971.0422821810057
0,2000,28.026343105927467,4.405,0.5,exp_5.00e-01_coeff_2.08e+00_radius_2.80e+01,0.192602879056588,0.24520072746411206,,0.24404,181.3758451045937,0.07726040667037433
0,2000,28.97911397808161,4554.2,0.5,exp_5.00e-01_coeff_3.34e+01_radius_2.90e+01,0.3982346617757541,0.3996850011885191,,0.3993,0.7515528715033857,19.279491222029787
0,2000,0.0498569754457224,1.5425,0.5,exp_5.00e-01_coeff_1.93e-02_radius_4.99e-02,0.3908924478049849,0.3984525937557269,,0.39653,6.652825284612401,0.0037470528168715546
0,2000,52.94784982498411,42.918,0.5,exp_5.00e-01_coeff_3.95e+00_radius_5.29e+01,0.2516073301265421,0.33386695042618497,,0.30985,179.9882224782302,0.14708698462586411
0,2000,46.78692970332177,0.22509,0.5,exp_5.00e-01_coeff_8.96e-01_radius_4.68e+01,0.05981969224194982,0.013117569712931432,,0.038862,2723.8356983724693,0.008588427292306512
0,2000,1.0589091575986018,0.028983999999999996,0.5,exp_5.00e-01_coeff_1.92e-02_radius_1.06e+00,0.00310708358686973,0.006117723895212257,,0.049772000000000004,3050.007044094968,0.00017359126426424583
0,2000,0.11781559347455042,12291.0,0.5,exp_5.00e-01_coeff_4.07e+00_radius_1.18e-01,0.3999972598271031,0.3999995250106352,,0.4,0.0008393718873058015,70.18080737294673
0,1994,1.4944489648065191,0.023375999999999997,0.5,exp_5.00e-01_coeff_1.86e-02_radius_1.49e+00,0.0033288466238232672,0.00016075726183184536,,0.030045,6485.597942376849,0.00011521289001294706
0,2000,0.24927210127888688,10212000.0,0.5,exp_5.00e-01_coeff_2.46e+02_radius_2.49e-01,0.3999999930275292,0.39999999879836107,,0.4,1.0304824857269677e-06,120949.21783315635
0,2000,57.83324341899885,969.04,0.5,exp_5.00e-01_coeff_1.55e+01_radius_5.78e+01,0.3840261389343771,0.396872283435305,,0.39342,13.970399865338717,2.0698492518630807
0,2000,0.004265785424100659,2538.3,0.5,exp_5.00e-01_coeff_6.71e-02_radius_4.27e-03,0.399999519334244,0.3999999165368393,,0.4,0.004042132036104117,0.5276652749092412
0,2000,27.197476193457604,63.32899999999999,0.5,exp_5.00e-01_coeff_4.16e+00_radius_2.72e+01,0.3138533743255221,0.3781057948355285,,0.35869,42.696057602441826,0.31850102469299363
0,4000,200.00000000000003,2.2744,0.5,exp_5.00e-01_coeff_5.01e+00_radius_2.00e+02,0.1741153169600198,0.2081232638867515,,0.1976,1592.4286822139898,0.06279716078773948
0,2000,0.0051623115885915324,10108000.0,0.5,exp_5.00e-01_coeff_4.67e+00_radius_5.16e-03,0.3999999998239003,0.3999999999694071,,0.4,1.2239125255843636e-06,2108.9381310673157
0,2000,0.8833116622679358,0.23254,0.5,exp_5.00e-01_coeff_1.08e-01_radius_8.83e-01,0.03794011594415125,0.3450057968226177,,0.24078000000000002,66.28179631362723,0.006663305095778847
0,20000,1000.0,1352.4,0.5,exp_5.00e-01_coeff_2.00e+01_radius_1.00e+03,0.2778280274623931,0.35340070424658954,,0.33100999999999997,2500.0,0.2
0,2000,35.28130806723116,0.034796,0.5,exp_5.00e-01_coeff_8.27e-02_radius_3.53e+01,0.005794652779513743,9.799373113872356e-05,,0.0015765,181885.48111070695,9.698769756602159e-05
0,2000,0.2135499781070558,0.97954,0.5,exp_5.00e-01_coeff_6.55e-02_radius_2.14e-01,0.34330902578539113,0.3913148504460383,,0.37918,10.620167233088104,0.010053983775402392
0,2000,14.278153572507316,682.34,0.5,exp_5.00e-01_coeff_1.30e+01_radius_1.43e+01,0.3942955989921525,0.39904417188629504,,0.39778,1.215384591671959,5.873924052659494
0,2000,0.020928389892756128,144060.0,0.5,exp_5.00e-01_coeff_2.48e+00_radius_2.09e-02,0.3999999584625329,0.3999999927877708,,0.4,7.121143372927968e-05,146.9454327539476
0,2000,8.004073580556303,0.71277,0.5,exp_5.00e-01_coeff_6.82e-01_radius_8.00e+00,0.11594149293510968,0.19203950993945684,,0.16283,137.71443995526997,0.02906040057657007
0,2000,3.1969803261407606,3142.4,0.5,exp_5.00e-01_coeff_2.51e+01_radius_3.20e+00,0.3997193417055613,0.3999603471019873,,0.3999,0.016172046524062917,98.8427878124104
0,2000,0.0020808835137875793,107710.0,0.5,exp_5.00e-01_coeff_2.13e-01_radius_2.08e-03,0.3999999944653885,0.3999999990389619,,0.4,9.541170638146515e-05,10.904759974986757
0,2000,14.025773657500038,0.025636000000000003,0.5,exp_5.00e-01_coeff_6.24e-02_radius_1.40e+01,0.006955727495236763,0.00016552128013769266,,0.0044948,50498.470123921514,0.00013887325322015965
0,2000,103.97931100318384,511.39,0.5,exp_5.00e-01_coeff_1.14e+01_radius_1.04e+02,0.3510632186632591,0.3886646678268452,,0.37809,83.30110090027087,0.6241172678358068
0,2000,0.05014441243302486,2701200.0,0.5,exp_5.00e-01_coeff_2.57e+01_radius_5.01e-02,0.3999999947007291,0.3999999990801233,,0.4,3.7951550639502433e-06,6606.372017488965
0,2000,27.782109665506567,2.3222,0.5,exp_5.00e-01_coeff_8.28e-03_radius_2.78e+01,0.0006347280824090529,2.269713084146474e-08,,0.00060221,11258502.55455838,1.233827923867995e-06
0,2000,0.0434593366661205,26726.0,0.5,exp_5.00e-01_coeff_2.22e+00_radius_4.35e-02,0.3999995349540037,0.3999999192677992,,0.4,0.00038417808440569006,56.56144693072558
0,2000,0.00902000205141006,105510000.0,0.5,exp_5.00e-01_coeff_5.39e+01_radius_9.02e-03,0.3999999999929759,0.399999999998786,,0.4,2.804046064249942e-08,160839.04908714173
0,2000,19.571071399768634,0.019056,0.5,exp_5.00e-01_coeff_3.58e-02_radius_1.96e+01,0.003349542181241949,3.3328305090951644e-05,,0.0014234000000000002,299483.3187604388,3.267472706121543e-05
0,2000,216.6283130983685,5237.9,0.5,exp_5.00e-01_coeff_3.59e+01_radius_2.17e+02,0.3887709696086245,0.3977802843544551,,0.39538,36.38106489810398,2.9772123727700204
0,2000,536.1502315458321,6.0385,0.5,exp_5.00e-01_coeff_9.18e+00_radius_5.36e+02,0.19427150544362612,0.2409917981792865,,0.22807,3408.327246650233,0.07865298616392695
0,2000,0.2116259438135118,11.597999999999999,0.5,exp_5.00e-01_coeff_2.23e-01_radius_2.12e-01,0.3948298403410944,0.39911787267813226,,0.39803,0.9004964341566106,0.11750515370542083
0,2000,3.305951658237161,0.050035,0.5,exp_5.00e-01_coeff_5.90e-02_radius_3.31e+00,0.0123312680492198,0.0006526578151937468,,0.029889,3137.2130904800933,0.0005268930676512072
0,20000,316.22776601683796,5171600.0,0.5,exp_5.00e-01_coeff_1.12e+03_radius_3.16e+02,0.39998277661579495,0.3999967385443093,,0.39999,0.07905694150420951,1999.9999999999993
0,2000,0.008455621686747437,2482400.0,0.5,exp_5.00e-01_coeff_4.15e+00_radius_8.46e-03,0.3999999990211307,0.3999999998300314,,0.4,4.152959073090905e-06,1018.0237197057431
0,2000,0.21122382069865764,48726.0,0.5,exp_5.00e-01_coeff_1.44e+01_radius_2.11e-01,0.3999987615297895,0.3999997861174037,,0.4,0.00021441054731484327,492.56863373538664
0,2000,6.384637633037478,889.86,0.5,exp_5.00e-01_coeff_1.45e+01_radius_6.38e+00,0.3980427667764155,0.3997089512826724,,0.39928,0.19289770961705452,16.549283155596882
0,2000,2.843433240308466,22.559,0.5,exp_5.00e-01_coeff_2.09e+00_radius_2.84e+00,0.367349975869079,0.3954056518944255,,0.38824000000000003,1.842852183883792,0.7714762109449169
0,2000,36.73323534583041,0.15019000000000002,0.5,exp_5.00e-01_coeff_2.75e-02_radius_3.67e+01,0.0018726707393601492,2.595298969287896e-06,,0.00065386,1785792.2135337887,1.028485707000071e-05
0,2000,0.0010521613842710525,3892000.0,0.5,exp_5.00e-01_coeff_6.68e-01_radius_1.05e-03,0.3999999999272925,0.39999999998737534,,0.4,2.4783607127150907e-06,212.2696221887713
0,2000,0.11362970821741121,0.07933,0.5,exp_5.00e-01_coeff_9.92e-03_radius_1.14e-01,0.1524814982312882,0.3695711728188896,,0.31296999999999997,131.3121693025186,0.0004326701356811404
0,2000,64.85301260961442,3.5112,0.5,exp_5.00e-01_coeff_3.28e-02_radius_6.49e+01,0.0016801233595269414,3.0500005854250395e-07,,0.00061017,3910879.303236508,8.291359510372045e-06
0,2000,0.0010747229674315845,19556000.0,0.5,exp_5.00e-01_coeff_1.29e+00_radius_1.07e-03,0.3999999999791769,0.3999999999963745,,0.4,6.960577407200356e-07,772.0070509666622
0,2000,7.040802538225233,2749.6,0.5,exp_5.00e-01_coeff_2.57e+01_radius_7.04e+00,0.39929881440924303,0.39989460257756615,,0.39974,0.0753258681553417,46.73562157760499
0,2000,9.187583667185558,4591.7,0.5,exp_5.00e-01_coeff_3.34e+01_radius_9.19e+00,0.3994503888710644,0.39991437837752175,,0.39979000000000003,0.0756627696139436,60.714032238468405
0,20000,316.22776601683796,0.16244,0.5,exp_5.00e-01_coeff_1.78e+00_radius_3.16e+02,0.044363289654718814,0.0070716743139500595,,0.019177,31622.776601683803,0.004999999999999999
0,2000,14.178133461201586,0.48258,0.5,exp_5.00e-01_coeff_7.82e-01_radius_1.42e+01,0.09905202383577184,0.04733453196857152,,0.11092,328.41732925802177,0.021585544059495268
0,2000,0.0493882691884551,1085000000.0,0.5,exp_5.00e-01_coeff_3.05e+02_radius_4.94e-02,0.3999999999639324,0.39999999999373737,,0.4,2.620723257244328e-08,942264.1069012856
0,2000,58.66071829285609,1416700.0,0.5,exp_5.00e-01_coeff_5.89e+02_radius_5.87e+01,0.3999884377021198,0.3999978693291039,,0.4,0.009910014206274222,2959.668728613772
0,2000,0.980957425111027,377620.0,0.5,exp_5.00e-01_coeff_1.60e+02_radius_9.81e-01,0.3999992662972043,0.3999998829545137,,0.4,3.777649614151957e-05,12983.700518916996
0,2000,0.045876121548582,14.716,0.5,exp_5.00e-01_coeff_5.49e-02_radius_4.59e-02,0.39910998404089104,0.3998458257458225,,0.39966,0.6975327494004643,0.032884564622960674
0,2000,1.4432831163079745,10.09,0.5,exp_5.00e-01_coeff_1.07e+00_radius_1.44e+00,0.3624224524501605,0.3945694572167516,,0.38647,1.8298627766150335,0.3943692212204643
0,2000,0.11065676224058588,24.278000000000002,0.5,exp_5.00e-01_coeff_1.70e-01_radius_1.11e-01,0.3986995264728424,0.3997752235604679,,0.3995,0.4246766007513485,0.1302835640635829
0,2000,0.44351326994568324,0.081933,0.5,exp_5.00e-01_coeff_3.11e-02_radius_4.44e-01,0.008772868952705015,0.3297300040148093,,0.20663,202.97393854148726,0.0010925374782906686
0,2000,0.5098162407456334,0.21933000000000002,0.5,exp_5.00e-01_coeff_6.93e-02_radius_5.10e-01,0.08475737641798542,0.36023515308934595,,0.28224,54.101651852843915,0.004711651338598031
0,2000,3.5484366860951404,0.46908999999999995,0.5,exp_5.00e-01_coeff_3.67e-01_radius_3.55e+00,0.08508487673330345,0.27960175555432243,,0.17597000000000002,93.56016938579516,0.018963393874711625
0,2000,0.0246921360028821,25030.0,0.5,exp_5.00e-01_coeff_1.22e+00_radius_2.47e-02,0.3999997178585477,0.3999999510123447,,0.4,0.0004100022484279017,30.11219584473105
0,2000,0.002342146187440447,2520.9,0.5,exp_5.00e-01_coeff_3.67e-02_radius_2.34e-03,0.3999997342714403,0.3999999538586191,,0.4,0.004069939901855221,0.2877371956245367
0,2000,0.004145752336634569,4176900.0,0.5,exp_5.00e-01_coeff_2.68e+00_radius_4.15e-03,0.3999999997231184,0.3999999999519298,,0.4,2.3957567684762873e-06,865.2281381785028
0,2000,0.11041675051272676,183400.0,0.5,exp_5.00e-01_coeff_1.47e+01_radius_1.10e-01,0.39999982789955535,0.39999997016121547,,0.4,5.620920549826728e-05,982.1945492196159
0,2000,0.2827585105159738,2095.3,0.5,exp_5.00e-01_coeff_3.97e+00_radius_2.83e-01,0.3999614535255883,0.3999933713184426,,0.39999,0.005060251992181067,27.939172886338746
0,2000,0.0010529893231233597,3667.4,0.5,exp_5.00e-01_coeff_1.99e-02_radius_1.05e-03,0.3999999178854233,0.3999999857415083,,0.4,0.0027974289066354865,0.18820662799073726
0,2000,336.98909355087966,520.9,0.5,exp_5.00e-01_coeff_1.22e+01_radius_3.37e+02,0.28708404220511097,0.3600950095844464,,0.3382,757.6699462022405,0.22238515282281573
0,2000,0.9956633751653707,0.12097000000000001,0.5,exp_5.00e-01_coeff_6.95e-02_radius_9.96e-01,0.01202474971468881,0.2911768028171729,,0.16132,205.14697491687485,0.00242670742663598
0,2000,6.4943956639172145,0.14475,0.5,exp_5.00e-01_coeff_2.25e-01_radius_6.49e+00,0.03888905250756314,0.006221106453969227,,0.049951999999999996,831.3885161035734,0.0039057525682181485
0,2000,0.4090735982379776,11074.0,0.5,exp_5.00e-01_coeff_1.30e+01_radius_4.09e-01,0.39998946730778784,0.3999982062880577,,0.4,0.0009905363858575967,206.490949791716
0,2000,3.0652371717880342,5.4669,0.5,exp_5.00e-01_coeff_1.08e+00_radius_3.07e+00,0.28389201672346953,0.3830727102342481,,0.35549000000000003,7.999545130304721,0.1915882166959706
0,4000,1.0,0.015283000000000001,0.5,exp_5.00e-01_coeff_1.00e-02_radius_1.00e+00,0.0014968409466412649,7.794028645657923e-05,,0.029122000000000002,10000.0,5e-05
0,2000,3.0812135798658744,0.014231,0.5,exp_5.00e-01_coeff_1.65e-02_radius_3.08e+00,0.003134382479081599,5.345418051594386e-05,,0.009251899999999999,34678.36700047177,4.442558641564577e-05
0,2000,5.410702955823626,5161600.0,0.5,exp_5.00e-01_coeff_1.09e+03_radius_5.41e+00,0.3999997123542772,0.3999999581349308,,0.4,2.4452082984037985e-05,110638.89647674731
0,2000,6.927415274712234,34707.0,0.5,exp_5.00e-01_coeff_9.11e+01_radius_6.93e+00,0.39994527394945545,0.3999917991421371,,0.39998,0.005785943530023788,598.641797899102
0,2000,3.281095702602911,0.23851,0.5,exp_5.00e-01_coeff_2.31e-01_radius_3.28e+00,0.052609351147422816,0.1884443699091335,,0.11989000000000001,201.56048036470582,0.008139233684763152
0,2000,1.4918903565748751,0.041915,0.5,exp_5.00e-01_coeff_3.28e-02_radius_1.49e+00,0.00612981144721958,0.00746791810440972,,0.05124,2070.7806804758357,0.00036022413446315814
0,2000,21.41824086235427,0.11098,0.5,exp_5.00e-01_coeff_3.28e-01_radius_2.14e+01,0.030885337727168064,0.0032683379917964888,,0.017896000000000002,4269.180561158939,0.0025084721242781003
0,4000,10.0,0.015097999999999999,0.5,exp_5.00e-01_coeff_3.16e-02_radius_1.00e+01,0.004130251932609519,6.0262195735294455e-05,,0.003159,100000.00000000001,4.9999999999999996e-05
0,2000,52.79566535594009,4351200.0,0.5,exp_5.00e-01_coeff_1.03e+03_radius_5.28e+01,0.3999966117764897,0.39999937815244396,,0.4,0.0026140006912726034,10098.632630857679
0,20000,1000.0,0.17422,0.5,exp_5.00e-01_coeff_3.16e+00_radius_1.00e+03,0.04436357417820569,0.0065916146864387634,,0.018456999999999998,99999.99999999999,0.005000000000000001
0,2000,2.9292712943829935,37216.0,0.5,exp_5.00e-01_coeff_8.48e+01_radius_2.93e+00,0.3999782369395716,0.3999969212623853,,0.39999,0.0011929663521291845,1227.7258655094856
0,2000,0.018733672341106206,2.8815,0.5,exp_5.00e-01_coeff_9.93e-03_radius_1.87e-02,0.3981461717331668,0.3996795367455972,,0.39929000000000003,3.560512483970099,0.0026307550423496184
0,2000,25.656097731942765,0.036925,0.5,exp_5.00e-01_coeff_1.07e-01_radius_2.57e+01,0.00880233144761633,0.000258465557260279,,0.0031506999999999998,58020.08025461822,0.0002210967101333906
0,2000,0.005158256374199287,16776.0,0.5,exp_5.00e-01_coeff_2.09e-01_radius_5.16e-03,0.39999991205162655,0.3999999847285722,,0.4,0.0006116352504983926,4.21677492426742
0,2000,1.0051445945111461,108520.0,0.5,exp_5.00e-01_coeff_8.71e+01_radius_1.01e+00,0.39999738478475855,0.39999958403015456,,0.4,0.00013327362668187964,3770.9808742220157
0,4000,200.0,991.83,0.5,exp_5.00e-01_coeff_1.58e+01_radius_2.00e+02,0.351177033885977,0.3885598374843051,,0.37811,159.24286822139894,0.6279716078773949
0,1998,0.9690668596394738,0.017869,0.5,exp_5.00e-01_coeff_1.14e-02_radius_9.69e-01,0.0017351533010553366,0.00025739956564618804,,0.034754,7186.388143131738,6.7423776752557e-05
0,2000,10.408916564948752,73309.0,0.5,exp_5.00e-01_coeff_1.34e+02_radius_1.04e+01,0.3999608879280736,0.3999938080564378,,0.39999,0.006060444038001498,858.7585744279238
0,5000,547.1917472915695,2004.6,0.5,exp_5.00e-01_coeff_8.90e-02_radius_5.47e+02,0.0015620187284344222,6.43632253050086e-08,,0.00024282,37825483.70306089,7.233109714963011e-06
0,20000,316.22776601683796,129260.0,0.5,exp_5.00e-01_coeff_1.78e+02_radius_3.16e+02,0.3993120251124058,0.3998693825074007,,0.39971999999999996,3.16227766016838,49.99999999999999
0,2000,0.02224128390616542,4183600.0,0.5,exp_5.00e-01_coeff_1.43e+01_radius_2.22e-02,0.3999999984980399,0.3999999997392184,,0.4,2.4229978559369907e-06,4589.621045612637
0,2000,54.48576958297802,0.085066,0.5,exp_5.00e-01_coeff_3.70e-01_radius_5.45e+01,0.021504043854471026,0.0015454379259615125,,0.0071688,21658.5913783343,0.001257832714769292
0,20000,316.22776601683796,1292900.0,0.5,exp_5.00e-01_coeff_5.62e+02_radius_3.16e+02,0.39993111385610425,0.3999869529534109,,0.39997,0.31622776601683805,499.99999999999983
0,2000,113.42656103625445,50173.0,0.5,exp_5.00e-01_coeff_1.11e+02_radius_1.13e+02,0.39936926764357705,0.399881498478205,,0.39975,1.046174819350417,54.210137224810296
0,2000,3.34431397487595,0.64657,0.5,exp_5.00e-01_coeff_4.21e-01_radius_3.34e+00,0.10057814993639558,0.31357436185414744,,0.21051999999999998,63.22405743285033,0.026448112559273138
0,2000,0.48479378915175697,78.888,0.5,exp_5.00e-01_coeff_1.28e+00_radius_4.85e-01,0.3982543492482543,0.39970596436879935,,0.39934000000000003,0.14263839736631556,1.6993803846054791
0,1999,75.95237153557612,0.15081,0.5,exp_5.00e-01_coeff_7.98e-01_radius_7.60e+01,0.04061822921957914,0.005672067419708826,,0.018407,9047.974279757427,0.0041972031079653095
0,20000,1000.0,4088700.0,0.5,exp_5.00e-01_coeff_1.00e+03_radius_1.00e+03,0.3999311101809225,0.3999868979145373,,0.39997,1.0,500.0
0,2000,0.21761081862391735,1382900.0,0.5,exp_5.00e-01_coeff_7.91e+01_radius_2.18e-01,0.3999999550275841,0.3999999922358213,,0.4,7.566135800575953e-06,14380.578432609698
0,2000,10.306795672789052,3168.8,0.5,exp_5.00e-01_coeff_2.78e+01_radius_1.03e+01,0.3991063996801968,0.3998584608392399,,0.39966,0.13738685820419605,37.51012217438663
0,2000,28.399062246124814,0.027407,0.5,exp_5.00e-01_coeff_6.21e-02_radius_2.84e+01,0.004837204503667092,6.925070200658467e-05,,0.0015228,209298.31120043132,6.784350548086575e-05
0,2000,0.0021182940795863325,836.74,0.5,exp_5.00e-01_coeff_1.91e-02_radius_2.12e-03,0.39999927593791895,0.3999998742731772,,0.4,0.012261777680537133,0.08637793535225553
0,2000,0.10525296273824605,1911300.0,0.5,exp_5.00e-01_coeff_4.53e+01_radius_1.05e-01,0.3999999842599523,0.3999999972706109,,0.4,5.39041820062796e-06,9762.968179907131
0,2000,1278.2994308824511,1.2756,0.5,exp_5.00e-01_coeff_9.51e+00_radius_1.28e+03,0.12973514736624558,0.09802191953951199,,0.12639,18081.62990806805,0.03534801445947282
0,2000,7.481660339611893,0.01068,0.5,exp_5.00e-01_coeff_1.89e-02_radius_7.48e+00,0.0028489989788828,2.7923056653111896e-05,,0.0030199000000000003,156784.47628371173,2.385969745522937e-05
0,2000,1097.4828084170574,38740.0,0.5,exp_5.00e-01_coeff_9.76e+01_radius_1.10e+03,0.3922390512921845,0.3984760496500976,,0.39682,126.42017474987885,4.340615770340521
0,2000,13.518453774005627,0.16246,0.5,exp_5.00e-01_coeff_3.65e-01_radius_1.35e+01,0.044183157894903236,0.0068378210427072475,,0.037035000000000005,1374.9149672951414,0.004916105393994062
0,2000,0.0009208941526996141,15168.0,0.5,exp_5.00e-01_coeff_3.54e-02_radius_9.21e-04,0.3999999826364238,0.3999999969849611,,0.4,0.0006763825002494023,0.6807495406519632
0,2000,0.1821326393869717,148.83,0.5,exp_5.00e-01_coeff_6.89e-01_radius_1.82e-01,0.3996504633788149,0.3999396021966659,,0.39987,0.06987423926240027,1.303288889507655
0,2000,1.6059915682817845,263270.0,0.5,exp_5.00e-01_coeff_1.81e+02_radius_1.61e+00,0.3999982942331497,0.3999997452406103,,0.4,7.88435237969709e-05,10184.676501885911
0,2000,0.9625205841453561,893.38,0.5,exp_5.00e-01_coeff_7.66e+00_radius_9.63e-01,0.3996958252843613,0.3999513933849351,,0.39989,0.015798380419462698,30.462634731835738
0,2000,2.7188768685209244,496.1,0.5,exp_5.00e-01_coeff_9.61e+00_radius_2.72e+00,0.3984870496821947,0.3997855265835348,,0.39946,0.08000309019897456,16.992324057476054
0,2000,0.004847821887189798,757950.0,0.5,exp_5.00e-01_coeff_1.32e+00_radius_4.85e-03,0.3999999981708672,0.3999999996823852,,0.4,1.353522812882641e-05,179.0816468347968
0,2000,0.4254410907058376,3642.2,0.5,exp_5.00e-01_coeff_7.73e+00_radius_4.25e-01,0.3999666911564869,0.3999943361535037,,0.39999,0.0030285863725844986,70.23756934209206
0,2000,9.646064137390765,1.3188,0.5,exp_5.00e-01_coeff_9.35e-01_radius_9.65e+00,0.1473247108904805,0.2458610525037873,,0.20451,106.3812704234656,0.04533722947184805
0,2000,0.047546026042594496,207.36,0.5,exp_5.00e-01_coeff_2.14e-01_radius_4.75e-02,0.3999344326987748,0.3999886197892806,,0.39997,0.0495229435122451,0.4800403880560756
0,2000,3.1334263201307127,1.9346,0.5,exp_5.00e-01_coeff_6.82e-01_radius_3.13e+00,0.1838384849546546,0.3629387813082252,,0.30269,21.107120477390744,0.07422675972042554
0,2000,0.01929879143377362,8.0984,0.5,exp_5.00e-01_coeff_1.71e-02_radius_1.93e-02,0.3993193390206145,0.3998820072643753,,0.39974,1.2667403631237706,0.0076175007900525765
0,2000,0.004225949587526207,56391000.0,0.5,exp_5.00e-01_coeff_1.64e+01_radius_4.23e-03,0.3999999999921352,0.39999999999864655,,0.4,6.65353418505742e-08,31757.17949279415
0,2000,1.4568363805764908,1280.6,0.5,exp_5.00e-01_coeff_1.20e+01_radius_1.46e+00,0.3996813626254878,0.3999517931328537,,0.39988,0.014788047806001431,49.25722447236285
0,2000,0.0023522874844047093,45565000.0,0.5,exp_5.00e-01_coeff_4.32e+00_radius_2.35e-03,0.3999999999805739,0.3999999999966186,,0.4,2.9647601889512687e-07,3967.0788436294897
0,2000,337.35416483631815,51461.0,0.5,exp_5.00e-01_coeff_1.12e+02_radius_3.37e+02,0.3981768797707213,0.3996518472304205,,0.39926,9.014503585417708,18.711743893587126
0,2000,0.009826689146059995,39.727,0.5,exp_5.00e-01_coeff_1.93e-02_radius_9.83e-03,0.3999292632336036,0.3999877194060446,,0.39997,0.25826523802275,0.019024413082635583
0,2000,1.6848841156215237,457.21,0.5,exp_5.00e-01_coeff_7.72e+00_radius_1.68e+00,0.3989722160670147,0.39984765685809776,,0.39963000000000004,0.0476351828296429,17.68529074032479
0,2000,34.38586871163073,0.25211999999999996,0.5,exp_5.00e-01_coeff_8.36e-01_radius_3.44e+01,0.06559122778837413,0.016087745796057432,,0.047992,1691.1102998178314,0.010166654627830845
0,2000,11.631527291387817,210.26,0.5,exp_5.00e-01_coeff_7.21e+00_radius_1.16e+01,0.3853565289441456,0.3975615303593155,,0.39428,2.6020269928135145,2.2350896673079674
0,2000,25.058184513260205,3022000.0,0.5,exp_5.00e-01_coeff_8.61e+02_radius_2.51e+01,0.39999769094795146,0.3999995952273504,,0.4,0.0008476181944380335,14781.528214996408
0,2000,0.019410851378665196,1982700.0,0.5,exp_5.00e-01_coeff_8.52e+00_radius_1.94e-02,0.3999999971948704,0.3999999995129397,,0.4,5.184907301497716e-06,1871.8609851576482
